kernel,fitter,n_true,events,mean,sd,bias,rmse,mean_se,coverage95,ks_reject5,converged,mean_events,seconds
exp,exp_true_beta,0.3,500,0.2985759206194075,0.042026076548907276,-0.0014240793805924568,0.0416280589263414,0.04218640233077878,0.94,0.0,1.0,508.58,0.0604990239997278
exp,exp_profile,0.3,500,0.29751668960912103,0.04784555742145595,-0.0024833103908789224,0.047429740123343375,0.04187779166536101,0.94,0.0,1.0,508.58,0.14164916399924551
exp,grid_decade_const,0.3,500,0.3458311254072099,0.05308943690257147,0.04583112540720987,0.06973242144448215,0.06195553275197322,0.92,0.0,1.0,508.58,0.010682940000842791
exp,grid_default_const,0.3,500,0.32503620950222784,0.05788197541194757,0.025036209502227836,0.06253101952053046,0.06999452869553345,0.94,0.0,1.0,508.58,0.016550893999810797
exp,grid_default_spline2min,0.3,500,0.29887491695340757,0.052816757853337906,-0.0011250830465924344,0.052298026002872235,0.05745853587196025,0.96,0.0,1.0,508.58,0.018721836000622716
exp,exp_true_beta,0.3,2000,0.297606662844533,0.03219536709645294,-0.00239333715546694,0.03196152205333153,0.03621086738132995,0.98,0.0,1.0,2011.98,0.04448086200020043
exp,exp_profile,0.3,2000,0.29677066251965806,0.042955812253504304,-0.0032293374803419217,0.0426465284729377,0.03586115342174141,0.92,0.0,1.0,2011.98,0.17160345799959031
exp,grid_decade_const,0.3,2000,0.35440309828480177,0.05543730565247472,0.054403098284801735,0.07727564987647521,0.06044340263622682,0.88,0.0,1.0,2011.98,0.016211516000621488
exp,grid_default_const,0.3,2000,0.33789957325454656,0.06475720087030609,0.0378995732545466,0.07447148995516856,0.07200808242175943,0.9,0.0,1.0,2011.98,0.035738569998939054
exp,grid_default_spline2min,0.3,2000,0.3032516692250824,0.05496697985720667,0.003251669225082387,0.05451160289222342,0.05912712840167615,0.94,0.0,1.0,2011.98,0.04345668599999044
exp,exp_true_beta,0.3,5000,0.2954952145171416,0.03531082735487455,-0.004504785482858369,0.03524500716644293,0.03506997934480069,0.96,0.02,1.0,5009.82,0.008578373999916948
exp,exp_profile,0.3,5000,0.2985570432353097,0.04577641688421447,-0.0014429567646903141,0.04533930811257503,0.03517660986323971,0.88,0.0,1.0,5009.82,0.20296458800090478
exp,grid_decade_const,0.3,5000,0.35184626930589435,0.04639753712089397,0.05184626930589437,0.06926552145769468,0.05877101019493107,0.8,0.0,1.0,5009.82,0.024105439999548253
exp,grid_default_const,0.3,5000,0.32834758656153035,0.0564258847717055,0.028347586561530348,0.0626401510749124,0.07240495622983366,0.96,0.02,1.0,5009.82,0.06131826799915871
exp,grid_default_spline2min,0.3,5000,0.30220783059560835,0.04572960770600644,0.002207830595608384,0.04532380827407648,0.054982091759556456,0.96,0.0,1.0,5009.82,0.08198761199921137
exp,exp_true_beta,0.6,500,0.5868093982525723,0.0464598113506052,-0.013190601747427685,0.047847003707425485,0.04234398093698499,0.92,0.0,1.0,503.0,0.005399730000644923
exp,exp_profile,0.6,500,0.5925376290811757,0.04417340076825197,-0.007462370918824286,0.04436158843474912,0.042607276057491664,0.94,0.0,1.0,503.0,0.1382731660004356
exp,grid_decade_const,0.6,500,0.6373058071662542,0.042684064218623356,0.03730580716625421,0.05636678099537807,0.047030917575245426,0.9,0.04,1.0,503.0,0.00878772600000957
exp,grid_default_const,0.6,500,0.6149877545864538,0.04382182353137687,0.014987754586453819,0.045897472270339676,0.052031366579906715,0.96,0.0,1.0,503.0,0.014088240000128281
exp,grid_default_spline2min,0.6,500,0.5969617702518534,0.04671035357476312,-0.0030382297481465225,0.04634059590100588,0.04813896253342876,0.94,0.0,1.0,503.0,0.020614067999704274
exp,exp_true_beta,0.6,2000,0.5999967379081846,0.03304959000531182,-3.2620918153547507e-06,0.03271742505409107,0.029745182631682052,0.94,0.0,1.0,2034.42,0.006651016000832896
exp,exp_profile,0.6,2000,0.5987203349463434,0.03709216851187945,-0.0012796650536566023,0.03674166474542135,0.02967026754418946,0.9,0.0,1.0,2034.42,0.1623669459982193
exp,grid_decade_const,0.6,2000,0.6589904567588561,0.03370214123520662,0.058990456758856134,0.06777161371827835,0.03584307272521946,0.6,0.02,1.0,2034.42,0.012588932000217028
exp,grid_default_const,0.6,2000,0.6256741930082276,0.04047776472019072,0.02567419300822757,0.047590383846234915,0.0417393413829082,0.92,0.0,1.0,2034.42,0.027597492001368663
exp,grid_default_spline2min,0.6,2000,0.609823322563097,0.0371925140385287,0.009823322563096967,0.03810662809374087,0.03834012431978542,0.96,0.0,1.0,2034.42,0.03651757599960547
exp,exp_true_beta,0.6,5000,0.5929922274500337,0.029248289710631634,-0.00700777254996636,0.029790301745520494,0.027443502649880047,0.94,0.0,1.0,5016.86,0.00854371200024616
exp,exp_profile,0.6,5000,0.5981904870763546,0.03272524070522019,-0.00180951292364544,0.03244683171977116,0.02764460694079258,0.88,0.0,1.0,5016.86,0.1921893199995975
exp,grid_decade_const,0.6,5000,0.6618386575052563,0.03049530884467316,0.06183865750525628,0.06881412752010847,0.03401003496340212,0.56,0.02,1.0,5016.86,0.02040246600168757
exp,grid_default_const,0.6,5000,0.6288475245950489,0.036846508762741426,0.0288475245950489,0.046504747920020774,0.04165252620289056,0.86,0.0,1.0,5016.86,0.04784551999880932
exp,grid_default_spline2min,0.6,5000,0.6093143783692558,0.03289275400559657,0.009314378369255909,0.03386815975450832,0.03707408338785111,0.98,0.0,1.0,5016.86,0.06643023000098765
exp,exp_true_beta,0.9,500,0.8940347919677519,0.053977541352046556,-0.00596520803224801,0.05376697106841388,0.043761132728873234,0.96,0.0,1.0,560.08,0.00686645599984331
exp,exp_profile,0.9,500,0.8944197460769857,0.05333549786085901,-0.005580253923014334,0.05309351240283223,0.04377263835833582,0.94,0.0,1.0,560.08,0.1489055140002165
exp,grid_decade_const,0.9,500,0.904479907916165,0.05111390389177684,0.0044799079161648315,0.05079811140755097,0.04417822830461595,0.96,0.0,1.0,560.08,0.01019805600080872
exp,grid_default_const,0.9,500,0.8998684196939708,0.05260562173530014,-0.00013158030602931082,0.05207707482924964,0.04438507956706255,0.96,0.0,1.0,560.08,0.017593407999374904
exp,grid_default_spline2min,0.9,500,0.8935826767490285,0.053891908350534624,-0.006417323250971479,0.053734840352015895,0.0443401556705348,0.94,0.0,1.0,560.08,0.0430033919995185
exp,exp_true_beta,0.9,2000,0.8953259670122828,0.02203981668177026,-0.004674032987717156,0.02231333756632982,0.023193598777297972,0.96,0.0,1.0,1991.58,0.007512365999573376
exp,exp_profile,0.9,2000,0.8952061991727117,0.021848138172916455,-0.00479380082728819,0.022153438675792555,0.02319169607076879,0.96,0.0,1.0,1991.58,0.16427435199933826
exp,grid_decade_const,0.9,2000,0.9137870217220387,0.01888710854862342,0.013787021722038717,0.023230806699400298,0.023644316769875266,0.92,0.04,1.0,1991.58,0.012457055999839213
exp,grid_default_const,0.9,2000,0.9029479019117642,0.021098622541033993,0.0029479019117641505,0.021093576305307487,0.02403914670559952,1.0,0.02,1.0,1991.58,0.023529551999818068
exp,grid_default_spline2min,0.9,2000,0.8975573468353225,0.022285454086145254,-0.002442653164677424,0.022196287730881576,0.0241115025629721,0.98,0.02,1.0,1991.58,0.044846464000002015
exp,exp_true_beta,0.9,5000,0.8956933157845838,0.015596475299024864,-0.004306684215416223,0.016029116315297798,0.016600291775714874,0.96,0.0,1.0,4969.62,0.009051714000233914
exp,exp_profile,0.9,5000,0.8960935003282754,0.015782205154723596,-0.003906499671724637,0.016104570135214828,0.016602605795606032,0.98,0.0,1.0,4969.62,0.19423276800080203
exp,grid_decade_const,0.9,5000,0.9205435197365002,0.012437616047697471,0.020543519736500083,0.023950712103294785,0.017237214354768084,0.88,0.18,1.0,4969.62,0.018397511999937707
exp,grid_default_const,0.9,5000,0.9054884681156343,0.014952317400576422,0.005488468115634411,0.01578681861525509,0.01753178474289718,0.92,0.02,1.0,4969.62,0.03994114399945829
exp,grid_default_spline2min,0.9,5000,0.8973031319604671,0.015774219234053786,-0.002696868039532916,0.015846847314774204,0.017853925288411156,0.98,0.02,1.0,4969.62,0.060064986000361385
mixture,exp_profile,0.3,500,0.2161969425712244,0.03385416708632803,-0.08380305742877558,0.09025594147166986,0.024183289240277014,0.22,0.06,1.0,508.72,0.1326633339995169
mixture,grid_decade_const,0.3,500,0.3209519664423397,0.0632468801539457,0.020951966442339737,0.06602385470437445,0.06864809848720141,0.88,0.0,1.0,508.72,0.009765804000780918
mixture,grid_default_const,0.3,500,0.3216140123413333,0.057695377445808355,0.02161401234133328,0.06106837951455166,0.07273944207879754,0.9,0.0,1.0,508.72,0.016601038000662812
mixture,grid_default_spline2min,0.3,500,0.29505550165018685,0.048467203263841664,-0.0049444983498131475,0.04823418352481442,0.0523414587825687,0.9,0.0,1.0,508.72,0.02703712800022913
mixture,exp_profile,0.3,2000,0.1980406229379221,0.02473253325570053,-0.10195937706207787,0.10485789816750295,0.014397621902637865,0.0,0.06,1.0,2011.54,0.16548653600009858
mixture,grid_decade_const,0.3,2000,0.3267145444786482,0.0675196178468171,0.026714544478648225,0.07198185677653984,0.07703763193585317,0.9,0.0,1.0,2011.54,0.0147655040002428
mixture,grid_default_const,0.3,2000,0.32541044011867554,0.06323044750213087,0.025410440118675576,0.0675560372470006,0.0737216903707522,0.88,0.0,1.0,2011.54,0.03410703399888007
mixture,grid_default_spline2min,0.3,2000,0.293057718530098,0.048316224999215895,-0.006942281469902022,0.048331808555222754,0.05174159521999806,0.9,0.0,1.0,2011.54,0.04017417199996998
mixture,exp_profile,0.3,5000,0.1820790993912961,0.02276355363081181,-0.11792090060870387,0.12005479826642752,0.010905641073597906,0.0,0.0,1.0,5009.44,0.21289911999891045
mixture,grid_decade_const,0.3,5000,0.3149860256944089,0.0637925247940004,0.014986025694408935,0.06490514202522614,0.06514419007215402,0.86,0.0,1.0,5009.44,0.02362094999960391
mixture,grid_default_const,0.3,5000,0.31582427105509514,0.060542037227880784,0.01582427105509514,0.061987410501594446,0.06488047631875891,0.94,0.0,1.0,5009.44,0.06095757000002777
mixture,grid_default_spline2min,0.3,5000,0.28667323390692134,0.03723037919525713,-0.013326766093078679,0.03919160377965941,0.04764487673336913,0.86,0.0,1.0,5009.44,0.06847582399990643
mixture,exp_profile,0.6,500,0.48313972179024745,0.0356249168656019,-0.11686027820975255,0.1220658700493639,0.03356519665344183,0.06,0.56,1.0,502.08,0.1451684760005446
mixture,grid_decade_const,0.6,500,0.6030572827720581,0.045207881451579404,0.0030572827720580773,0.04485782509642639,0.05621140548603596,0.94,0.0,1.0,502.08,0.011163695998839103
mixture,grid_default_const,0.6,500,0.6032552629423484,0.04538952910761411,0.003255262942348538,0.04505110323158086,0.0558766934372601,0.94,0.0,1.0,502.08,0.023472065998648758
mixture,grid_default_spline2min,0.6,500,0.5821506550126577,0.04779098983158434,-0.01784934498734231,0.05056578142754355,0.05000153929179423,0.9,0.0,1.0,502.08,0.06786654200026533
mixture,exp_profile,0.6,2000,0.4640886727485208,0.02877309400400372,-0.13591132725147922,0.13886404140399577,0.01808072483755144,0.0,1.0,1.0,2037.04,0.15299733399850082
mixture,grid_decade_const,0.6,2000,0.6186361137729408,0.0442362217265601,0.018636113772940895,0.0475921336246502,0.04398387503339901,0.96,0.0,1.0,2037.04,0.012807751999935136
mixture,grid_default_const,0.6,2000,0.6178463635548148,0.04294040907319968,0.01784636355481487,0.046103078518433864,0.042996903736905685,0.98,0.0,1.0,2037.04,0.03038354599964805
mixture,grid_default_spline2min,0.6,2000,0.5983083158154416,0.03714281269270342,-0.0016916841845583707,0.03680840338035639,0.0390519835578367,0.98,0.0,1.0,2037.04,0.057203188000421505
mixture,exp_profile,0.6,5000,0.4338002398580306,0.022264910069723778,-0.16619976014196935,0.1676549193052586,0.012919314105660664,0.0,1.0,1.0,5021.06,0.20543283200153384
mixture,grid_decade_const,0.6,5000,0.6092834336561833,0.0354686276696394,0.009283433656183351,0.036318662120746095,0.0409198225099838,0.96,0.0,1.0,5021.06,0.02236178200080758
mixture,grid_default_const,0.6,5000,0.6077516012796537,0.03894636885560462,0.00775160127965365,0.03932646153030808,0.043080874650078343,0.96,0.0,1.0,5021.06,0.06208739200053969
mixture,grid_default_spline2min,0.6,5000,0.5894815839872148,0.03520353786848096,-0.01051841601278513,0.036402477557254745,0.03546566498500861,0.94,0.0,1.0,5021.06,0.08548193000082392
mixture,exp_profile,0.9,500,0.8455179388636186,0.06296068884374502,-0.05448206113638141,0.08278322510360239,0.04220935419601297,0.88,0.96,1.0,557.7,0.15659572800039315
mixture,grid_decade_const,0.9,500,0.8979546205033887,0.05200664396209614,-0.002045379496611315,0.05152456475470107,0.044387221919712,0.98,0.0,1.0,557.7,0.0156902379982057
mixture,grid_default_const,0.9,500,0.8978980697716795,0.05264163146322103,-0.0021019302283203987,0.05215492926399305,0.0444450849386045,0.96,0.0,1.0,557.7,0.046359468000591736
mixture,grid_default_spline2min,0.9,500,0.8913900226719885,0.05455339950581489,-0.008609977328011529,0.05468714327222711,0.044229149535540024,0.96,0.0,1.0,557.7,0.3143227460005437
mixture,exp_profile,0.9,2000,0.8208962816192262,0.030446001650456467,-0.07910371838077389,0.08465115532486482,0.02131772685389531,0.12,1.0,1.0,2008.26,0.17662886799982516
mixture,grid_decade_const,0.9,2000,0.8991478571390082,0.020883116505466908,-0.0008521428609917469,0.020690785662628303,0.023901032768224115,0.98,0.0,1.0,2008.26,0.017469817998935468
mixture,grid_default_const,0.9,2000,0.8994977772639666,0.020962643389434734,-0.0005022227360333842,0.020758034521402766,0.023765852731229484,0.98,0.0,1.0,2008.26,0.046059193999681156
mixture,grid_default_spline2min,0.9,2000,0.8948086013991294,0.02220581091311375,-0.005191398600870547,0.0225873127435714,0.023622959071912725,0.96,0.0,1.0,2008.26,0.21320419799827506
mixture,exp_profile,0.9,5000,0.7968243068741213,0.023648511831244827,-0.10317569312587863,0.10579834933306546,0.014084072897592672,0.0,1.0,1.0,4893.66,0.23323765799956164
mixture,grid_decade_const,0.9,5000,0.8975474546229407,0.014840027700266416,-0.0024525453770593186,0.0148941892202401,0.01761076827521671,0.96,0.0,1.0,4893.66,0.022753101999114733
mixture,grid_default_const,0.9,5000,0.898035103528087,0.014627431902157281,-0.001964896471913009,0.014613122421869304,0.017446903332021278,0.96,0.0,1.0,4893.66,0.06314689799939516
mixture,grid_default_spline2min,0.9,5000,0.8913510161771354,0.016187122191457508,-0.00864898382286462,0.01820954111207984,0.01707146006313896,0.92,0.0,1.0,4893.66,0.1665636380005162
exp_offgrid,exp_true_beta,0.3,500,0.2999935003987425,0.03757995514603839,-6.499601257478615e-06,0.03720225813640227,0.036414955853804776,0.94,0.0,1.0,508.7,0.005742290000198409
exp_offgrid,exp_profile,0.3,500,0.298392574577589,0.03997466530009885,-0.0016074254224110256,0.0396055325052756,0.03621685870511767,0.96,0.0,1.0,508.7,0.14721377399895574
exp_offgrid,grid_decade_const,0.3,500,0.3496340416711229,0.049805961091491754,0.04963404167112287,0.0699611261891417,0.05684620181151156,0.9,0.0,1.0,508.7,0.01021340399980545
exp_offgrid,grid_default_const,0.3,500,0.3254820680833699,0.050908168719468745,0.025482068083369853,0.05647251192684803,0.06810263710662891,0.98,0.0,1.0,508.7,0.015787267999257892
exp_offgrid,grid_default_spline2min,0.3,500,0.3026357111746331,0.04216034863994453,0.0026357111746331103,0.04181975694440277,0.049767765059059756,0.96,0.0,1.0,508.7,0.019878267999738453
exp_offgrid,exp_true_beta,0.3,2000,0.2972151632889179,0.026706535191712823,-0.0027848367110820593,0.026584385586555525,0.029160536727654965,0.98,0.0,1.0,2012.08,0.00821617000096012
exp_offgrid,exp_profile,0.3,2000,0.30236272418103055,0.031752514281280085,0.00236272418103055,0.03152205871250899,0.029561784078897167,0.92,0.0,1.0,2012.08,0.20439094000030308
exp_offgrid,grid_decade_const,0.3,2000,0.3599475204094005,0.04987375124679085,0.05994752040940053,0.07766175664632967,0.05554959448418802,0.8,0.0,1.0,2012.08,0.019395365999953354
exp_offgrid,grid_default_const,0.3,2000,0.3330830746423066,0.058090946032208796,0.03308307464230663,0.06634422867504819,0.06816888942414229,0.94,0.0,1.0,2012.08,0.037640157998830547
exp_offgrid,grid_default_spline2min,0.3,2000,0.3085671437910084,0.04080225770871473,0.00856714379100845,0.04129072174449871,0.043212071823333933,0.96,0.0,1.0,2012.08,0.044918545999971686
exp_offgrid,exp_true_beta,0.3,5000,0.29451116630215507,0.0312842114781466,-0.005488833697844914,0.031452426701541025,0.027602674009799672,0.92,0.0,1.0,5010.08,0.009795925999933388
exp_offgrid,exp_profile,0.3,5000,0.2976034372714006,0.03987181453689135,-0.002396562728599428,0.03954377163962847,0.027759819828600863,0.82,0.0,1.0,5010.08,0.22770693200203823
exp_offgrid,grid_decade_const,0.3,5000,0.3560221732965257,0.04614419466607431,0.05602217329652571,0.07228544022290316,0.05400102894210085,0.78,0.02,1.0,5010.08,0.02524481599830324
exp_offgrid,grid_default_const,0.3,5000,0.32687160465006043,0.051503249689603584,0.02687160465006047,0.05763346398132782,0.05959136388173454,0.94,0.0,1.0,5010.08,0.06346874200040474
exp_offgrid,grid_default_spline2min,0.3,5000,0.30447886628509496,0.036673124920164515,0.004478866285094998,0.03657977546105982,0.04319729717871601,0.94,0.0,1.0,5010.08,0.09408024999924237
exp_offgrid,exp_true_beta,0.6,500,0.5888901557650906,0.045309280224445976,-0.011109844234909308,0.04620931611582421,0.03947886757536836,0.9,0.0,1.0,502.82,0.006140824001049623
exp_offgrid,exp_profile,0.6,500,0.5937877111202318,0.04437511771214123,-0.00621228887976822,0.04436620993112613,0.03966130859525674,0.9,0.0,1.0,502.82,0.15424338200013155
exp_offgrid,grid_decade_const,0.6,500,0.6391094673336242,0.04058884782881486,0.039109467333624165,0.056071881650512564,0.04542400936044715,0.88,0.1,1.0,502.82,0.009447662000311538
exp_offgrid,grid_default_const,0.6,500,0.6081486715642415,0.043827811006816896,0.008148671564241516,0.0441458981736486,0.0496243090819449,0.92,0.0,1.0,502.82,0.015862235999957192
exp_offgrid,grid_default_spline2min,0.6,500,0.5933090289193383,0.0447975790021546,-0.006690971080661574,0.044849255476177595,0.04239850876801403,0.92,0.0,1.0,502.82,0.024646468000137246
exp_offgrid,exp_true_beta,0.6,2000,0.6013388166956775,0.028903152060566747,0.0013388166956774161,0.02864396594747565,0.025302999764851487,0.96,0.0,1.0,2034.5,0.006833008000103291
exp_offgrid,exp_profile,0.6,2000,0.6006954526844237,0.032422336288218466,0.0006954526844237407,0.03210400889320324,0.02526585377109928,0.88,0.0,1.0,2034.5,0.1542255559997284
exp_offgrid,grid_decade_const,0.6,2000,0.6647892549710432,0.032250713554021745,0.06478925497104332,0.07222848409008424,0.03373056137702064,0.5,0.16,1.0,2034.5,0.011743253999447915
exp_offgrid,grid_default_const,0.6,2000,0.6182810064604459,0.03949257966658927,0.018281006460445982,0.0431586117588869,0.03784699192047955,0.96,0.0,1.0,2034.5,0.02581065399950603
exp_offgrid,grid_default_spline2min,0.6,2000,0.6076849611713148,0.03498964498509097,0.007684961171314755,0.03548025337090568,0.031282189603781305,0.94,0.0,1.0,2034.5,0.03297818399820244
exp_offgrid,exp_true_beta,0.6,5000,0.5957297465473076,0.021560220687150595,-0.004270253452692303,0.021766518286287645,0.022064984808330478,0.96,0.0,1.0,5016.56,0.007909344000509008
exp_offgrid,exp_profile,0.6,5000,0.5967920152727163,0.02361405381042729,-0.0032079847272836436,0.023595809641226675,0.02209139115214298,0.96,0.0,1.0,5016.56,0.19201191400003154
exp_offgrid,grid_decade_const,0.6,5000,0.6702544182106226,0.0234809533737903,0.07025441821062263,0.07400007666231391,0.030538059309577294,0.3,0.06,1.0,5016.56,0.01784520200046245
exp_offgrid,grid_default_const,0.6,5000,0.6195008209560003,0.03526204332619476,0.019500820956000406,0.03998531584851684,0.039689769561644814,0.96,0.0,1.0,5016.56,0.05235412000096403
exp_offgrid,grid_default_spline2min,0.6,5000,0.6020341011839029,0.027823152102709494,0.002034101183902879,0.027618522855110333,0.0299004772144403,0.98,0.0,1.0,5016.56,0.06832294599968008
exp_offgrid,exp_true_beta,0.9,500,0.8946417788659141,0.052464913616752484,-0.005358221134085807,0.052213277538561004,0.043308510214757956,0.96,0.0,1.0,561.88,0.007037556001159828
exp_offgrid,exp_profile,0.9,500,0.8945514307152587,0.05235505966229643,-0.0054485692847413445,0.052114471445543695,0.04330253007475414,0.94,0.0,1.0,561.88,0.15357316599955084
exp_offgrid,grid_decade_const,0.9,500,0.9034583376018287,0.050396602748006766,0.0034583376018286604,0.05000981219858577,0.043818947452652954,0.96,0.12,1.0,561.88,0.012312711998529267
exp_offgrid,grid_default_const,0.9,500,0.8986148961051437,0.05194327862020674,-0.0013851038948563476,0.0514398738600674,0.04402944032000886,0.94,0.0,1.0,561.88,0.023057529999350665
exp_offgrid,grid_default_spline2min,0.9,500,0.894268478266471,0.05247223160706568,-0.0057315217335290195,0.0522601064810525,0.04378039565141812,0.94,0.0,1.0,561.88,0.056178424001554955
exp_offgrid,exp_true_beta,0.9,2000,0.8968176739692862,0.021310805860192825,-0.003182326030713829,0.02133529086861416,0.022295739182183128,0.96,0.0,1.0,2027.7,0.007775565999327228
exp_offgrid,exp_profile,0.9,2000,0.8964983702242977,0.021380175088235042,-0.003501629775702435,0.021452996530871866,0.022291774576293673,0.96,0.0,1.0,2027.7,0.16552726800000528
exp_offgrid,grid_decade_const,0.9,2000,0.9124903305973682,0.018973129207724024,0.012490330597368132,0.022556338304917344,0.022880009659332443,0.96,0.48,1.0,2027.7,0.013760832000116352
exp_offgrid,grid_default_const,0.9,2000,0.9014819652559853,0.021448198685260014,0.0014819652559852781,0.021284288649740895,0.023185196110187795,0.96,0.0,1.0,2027.7,0.026886020000674762
exp_offgrid,grid_default_spline2min,0.9,2000,0.8975557832840154,0.0223753828008637,-0.0024442167159846304,0.022284945495337945,0.02308132968791578,0.96,0.0,1.0,2027.7,0.056216218000045046
exp_offgrid,exp_true_beta,0.9,5000,0.8967028262998259,0.014897940766854939,-0.00329717370017403,0.015112280460604994,0.015152091909202099,0.96,0.02,1.0,4986.72,0.008712741999479476
exp_offgrid,exp_profile,0.9,5000,0.8968337579661028,0.01491243869165649,-0.0031662420338972575,0.015098287975627674,0.01515298899491485,0.94,0.0,1.0,4986.72,0.17426798800064716
exp_offgrid,grid_decade_const,0.9,5000,0.9198541135885663,0.012073313944109295,0.019854113588566168,0.023174025066631212,0.0159553244490682,0.76,0.8,1.0,4986.72,0.020689532000687905
exp_offgrid,grid_default_const,0.9,5000,0.901613252772052,0.013730457633042845,0.0016132527720518564,0.013687861117905261,0.016839222241569668,0.96,0.02,1.0,4986.72,0.03774401800124906
exp_offgrid,grid_default_spline2min,0.9,5000,0.8966862789374589,0.014981524891864627,-0.0033137210625410907,0.015196641523842562,0.01617755718224153,0.96,0.02,1.0,4986.72,0.05891304399789078
