fitter,t0,t1,t_mid,n_events,n,n_within_10s,mu_mean,converged,loglik_per_event,gain_over_poisson_per_event,ks_stat,ks_p,lb_stat,lb_p,dispersion_z,dispersion_p,fit_seconds,heldout_gain_over_poisson_per_event,heldout_gain_kernel_only_per_event,heldout_n_events,boot_n,boot_mean,boot_sd,boot_lo,boot_hi,kernel_phi,mu_grid,boot_abandoned
neural_const,34200.0,34800.0,34500.0,2800,0.6269799918348051,0.612984985924723,1.770451746489242,True,1.463648025960897,0.923202985013748,0.0165535867678756,0.4222727349795692,13.42101108886161,0.2010755643063147,0.7219753554861656,0.4703096294822861,123.64260200000716,1.1875330545675364,1.1819449792650762,2441,20,0.5392864933494537,0.0452079675391819,0.4568327991737758,0.6055603861900861,9.2205e+02 5.5384e+02 3.0846e+02 1.4292e+02 4.9820e+01 1.6725e+01 5.1585e+00 9.2904e-01 2.7014e-01 9.2477e-02 2.4567e-02 4.5907e-03 5.7367e-04 0.0000e+00,1.7705 1.7705 1.7705 1.7705 1.7705 1.7705 1.7705 1.7705 1.7705 1.7705 1.7705 1.7705 1.7705,
neural_const,34500.0,35100.0,34800.0,2415,0.7721582480807799,0.6571318082391995,0.8798694765028803,True,1.3893652163128964,0.9968403054423692,0.0186271773119778,0.3673480868244327,12.938182725322172,0.2271486617286655,1.119458756979134,0.2629444763730409,90.61532680000528,1.114131882896621,1.1132620612800437,2317,20,0.4863588718657962,0.0925478090758493,0.4103208029505759,0.7102613163692573,1.2297e+03 7.0670e+02 2.8506e+02 1.2084e+02 5.0388e+01 1.3647e+01 5.1135e+00 1.2495e+00 2.6883e-01 7.4659e-02 2.7957e-02 1.1966e-02 4.4418e-03 0.0000e+00,0.8799 0.8799 0.8799 0.8799 0.8799 0.8799 0.8799 0.8799 0.8799 0.8799 0.8799 0.8799 0.8799,
neural_const,34800.0,35400.0,35100.0,2441,0.7491819857707434,0.6349003406455677,1.0334356529451791,True,1.595725155145973,1.1924917399691592,0.0254941177120299,0.082319561220354,18.583487473339453,0.0458832875681026,3.022651819293092,0.0025057035903679,90.5666543999978,1.3750090131265895,1.311156610624906,3575,20,0.6393373041464662,0.0609058050895636,0.4777692825959063,0.6919607613503428,1.4252e+03 7.5358e+02 3.4706e+02 1.4495e+02 5.0371e+01 1.4325e+01 4.3155e+00 1.1461e+00 2.4989e-01 5.9627e-02 2.0700e-02 9.6201e-03 4.2612e-03 0.0000e+00,1.0334 1.0334 1.0334 1.0334 1.0334 1.0334 1.0334 1.0334 1.0334 1.0334 1.0334 1.0334 1.0334,
neural_const,35100.0,35700.0,35400.0,2317,0.5820939030359125,0.5476372451811895,1.618969840161263,True,1.4750072395740204,1.1239083703577908,0.0253123105490173,0.1009569906235331,17.11089454694319,0.0719458994671344,2.6226911282047523,0.0087238320987614,78.17423080001026,1.5334970103387655,1.28195000477667,5373,20,0.4981130898819444,0.0277947963734875,0.4399031185812153,0.5302888546303208,9.9695e+02 6.1732e+02 3.2479e+02 1.4505e+02 5.4248e+01 1.6560e+01 4.1126e+00 8.8531e-01 1.8853e-01 4.5580e-02 1.3327e-02 4.4525e-03 1.3538e-03 0.0000e+00,1.6190 1.6190 1.6190 1.6190 1.6190 1.6190 1.6190 1.6190 1.6190 1.6190 1.6190 1.6190 1.6190,
neural_const,35400.0,36000.0,35700.0,3575,0.8439807562215029,0.7438628739448836,0.9345126846561792,True,2.1095330989809384,1.3247422990689766,0.0258647845903166,0.0164443938173885,23.10029575005869,0.0103823630802654,2.918920621476321,0.0035124565246501,234.94120609998936,1.3983876460364164,1.303121928654034,5736,20,0.738881408139376,0.1033697030064782,0.5175879828557887,0.8258930210025632,1.2993e+03 8.7408e+02 4.7282e+02 1.9488e+02 6.0411e+01 1.5981e+01 4.4550e+00 8.8004e-01 2.9854e-01 9.7059e-02 3.2107e-02 1.1711e-02 3.8940e-03 0.0000e+00,0.9345 0.9345 0.9345 0.9345 0.9345 0.9345 0.9345 0.9345 0.9345 0.9345 0.9345 0.9345 0.9345,
neural_const,35700.0,36300.0,36000.0,5373,0.8483927195430309,0.7635524516402654,1.3535745234944576,True,2.515477309422504,1.3232652739098287,0.0203410905105045,0.0231235298438084,12.159426938692835,0.2745283743157016,3.543390044879537,0.0003950179957009,259.53561170000467,1.333154313304946,1.316598023413194,4495,20,0.8090512235267375,0.0259030041010333,0.7589884022948524,0.8391123963326188,1.6715e+03 1.1736e+03 5.7776e+02 2.0729e+02 5.0503e+01 1.4605e+01 4.7776e+00 1.1528e+00 2.8810e-01 8.6237e-02 2.9947e-02 1.0886e-02 3.3479e-03 0.0000e+00,1.3536 1.3536 1.3536 1.3536 1.3536 1.3536 1.3536 1.3536 1.3536 1.3536 1.3536 1.3536 1.3536,
neural_const,36000.0,36600.0,36300.0,5736,0.8189830714239119,0.7699302765145093,1.7993666215965307,True,2.575978086402862,1.3183903593395518,0.0220501956502285,0.0074484027761227,10.048879838131471,0.4362154084189276,3.3492069337529755,0.0008104324200782,266.5778724999982,1.3780169067653532,1.2735835861073073,3717,20,0.7517486925653953,0.0373574658604175,0.6750255885120265,0.8016178143584362,1.9228e+03 1.3409e+03 6.0706e+02 1.9828e+02 4.9034e+01 1.4309e+01 5.4637e+00 9.0485e-01 3.3458e-01 1.1263e-01 3.1760e-02 8.3186e-03 1.9580e-03 0.0000e+00,1.7994 1.7994 1.7994 1.7994 1.7994 1.7994 1.7994 1.7994 1.7994 1.7994 1.7994 1.7994 1.7994,
neural_const,36300.0,36900.0,36600.0,4495,0.8433602184860259,0.7627116719750372,1.1332135916270794,True,2.332169937279379,1.3183786455898048,0.0224550024148356,0.0211712604154189,4.603155301085421,0.916064742339364,2.1761756149132494,0.0295421315626793,206.5368332999933,1.5135536095568594,1.5023673714280463,3857,20,0.7419934028405377,0.0329877511391451,0.6988610572480536,0.7994752706330213,1.8370e+03 1.1630e+03 5.2659e+02 1.8960e+02 4.7761e+01 1.4141e+01 5.5699e+00 8.5199e-01 2.5025e-01 1.0446e-01 3.6612e-02 1.1626e-02 3.1926e-03 0.0000e+00,1.1332 1.1332 1.1332 1.1332 1.1332 1.1332 1.1332 1.1332 1.1332 1.1332 1.1332 1.1332 1.1332,
neural_const,36600.0,37200.0,36900.0,3717,0.8173815457706063,0.7505767105531821,1.0988765530708309,True,2.0979891551712027,1.274246640090097,0.0198783185120149,0.1045742343636798,5.153354926481651,0.8807010048101296,2.2015597766237582,0.027696419847183,235.9822065999906,1.504405404879534,1.5036585750695577,3500,20,0.7656843338280865,0.0371694176456181,0.706730650835797,0.8173733620027679,1.7964e+03 1.1469e+03 5.2045e+02 1.6032e+02 4.8587e+01 1.4679e+01 4.8278e+00 8.9267e-01 2.5226e-01 1.0185e-01 3.9720e-02 1.2423e-02 2.7218e-03 0.0000e+00,1.0989 1.0989 1.0989 1.0989 1.0989 1.0989 1.0989 1.0989 1.0989 1.0989 1.0989 1.0989 1.0989,
neural_const,36900.0,37500.0,37200.0,3857,0.8196349798926406,0.7810144917096773,1.1580964991019629,True,2.367262740362595,1.5065474373705137,0.0211540753519852,0.062467580919728,9.441344450409895,0.4907918984261129,2.078748559893459,0.0376404671420412,248.39955559998637,1.2387110925229663,1.2156217618796494,3131,20,0.778115378326571,0.0242179160498807,0.7412840825981154,0.820887732001341,2.2520e+03 1.3924e+03 5.7729e+02 1.5645e+02 5.1774e+01 1.5422e+01 5.2487e+00 8.5544e-01 2.8097e-01 1.1731e-01 3.8783e-02 9.3849e-03 1.5847e-03 0.0000e+00,1.1581 1.1581 1.1581 1.1581 1.1581 1.1581 1.1581 1.1581 1.1581 1.1581 1.1581 1.1581 1.1581,
neural_const,37200.0,37800.0,37500.0,3500,0.6898065393929675,0.6794059670900043,1.7876720765163523,True,2.2718386742161103,1.5082500819547515,0.0272302683172892,0.0109332300282482,27.26985534394366,0.0023601285978335,1.7863195797289082,0.0740475284384501,175.86670770001365,1.2216619957975183,1.1372996306814676,2371,20,0.5891319734956797,0.0392533120826976,0.5353515783053245,0.6654174768073183,1.9451e+03 1.2084e+03 5.2137e+02 1.6452e+02 6.0260e+01 1.7773e+01 4.7957e+00 9.2296e-01 2.3814e-01 7.4854e-02 2.0467e-02 3.8480e-03 4.2645e-04 0.0000e+00,1.7877 1.7877 1.7877 1.7877 1.7877 1.7877 1.7877 1.7877 1.7877 1.7877 1.7877 1.7877 1.7877,
neural_const,37500.0,38100.0,37800.0,3131,0.6891185202012591,0.6501917963767258,1.625901415218169,True,1.8790630190226572,1.226884952912398,0.019841726727391,0.1676253821226716,14.27337113365076,0.160883502495305,0.6278199456172032,0.5301218983984883,202.4767613000004,1.193975401795261,1.1511537146511936,2334,20,0.567928508505967,0.0697841902303022,0.4703210302782332,0.6669792284344365,1.4416e+03 9.3004e+02 4.6097e+02 1.5268e+02 5.4288e+01 1.7880e+01 4.7657e+00 6.6678e-01 1.8082e-01 7.2686e-02 2.6680e-02 7.7319e-03 1.5883e-03 0.0000e+00,1.6259 1.6259 1.6259 1.6259 1.6259 1.6259 1.6259 1.6259 1.6259 1.6259 1.6259 1.6259 1.6259,
neural_const,37800.0,38400.0,38100.0,2371,0.797163651635533,0.6550922687518058,0.7776559709692186,True,1.5291276916333938,1.1549902607841347,0.0171023159483254,0.4865792240405395,12.684806827665042,0.2418323514672879,-0.3763914955045125,0.7066258675615449,105.10075129999314,1.2084860492015193,1.1910210223029614,2876,20,0.5191412197583661,0.1299666909500258,0.4131521863111985,0.7472117444528589,1.4151e+03 9.0219e+02 4.4285e+02 1.5687e+02 4.5761e+01 1.3540e+01 4.3197e+00 5.1790e-01 1.8651e-01 7.3115e-02 3.2117e-02 1.4565e-02 5.4868e-03 0.0000e+00,0.7777 0.7777 0.7777 0.7777 0.7777 0.7777 0.7777 0.7777 0.7777 0.7777 0.7777 0.7777 0.7777,
neural_const,38100.0,38700.0,38400.0,2334,0.7969192293754178,0.6856179032375036,0.7920307579859843,True,1.52157065165971,1.1631614940293549,0.0172000364250216,0.4893404904090601,9.901966973449902,0.449135822116871,-0.1331906607239224,0.894042596703831,90.81373699998947,1.4843839802502818,1.4664658005989628,2850,20,0.6712346635366275,0.1157822176057006,0.5034541087870699,0.7839776850565086,1.4752e+03 9.0687e+02 4.0825e+02 1.3919e+02 4.9327e+01 1.0801e+01 4.8560e+00 1.1375e+00 2.3669e-01 7.8952e-02 3.2194e-02 1.3186e-02 4.3713e-03 0.0000e+00,0.7920 0.7920 0.7920 0.7920 0.7920 0.7920 0.7920 0.7920 0.7920 0.7920 0.7920 0.7920 0.7920,
neural_const,38400.0,39000.0,38700.0,2876,0.7516593148923346,0.6873978067730517,1.1800644710654002,True,1.7789832283104214,1.2117571646856304,0.0213276681923859,0.1440036409699002,12.430050562697769,0.2573049913410633,0.4900349525037558,0.6241091657901674,110.81912460000603,1.6262847949463175,1.623430190432393,2530,20,0.6157227316416549,0.0688106946279152,0.5354846245124045,0.7326496535299434,1.6761e+03 1.0120e+03 4.0036e+02 1.2945e+02 4.5429e+01 1.2781e+01 6.1241e+00 1.4040e+00 2.8595e-01 7.7840e-02 2.5047e-02 8.5846e-03 2.5403e-03 0.0000e+00,1.1801 1.1801 1.1801 1.1801 1.1801 1.1801 1.1801 1.1801 1.1801 1.1801 1.1801 1.1801 1.1801,
neural_const,38700.0,39300.0,39000.0,2850,0.7489192130920825,0.7292838310413579,1.1841012997261535,True,2.035005898972558,1.4768612809260084,0.0137124065106204,0.6522212377140673,26.026738485546023,0.0037043901016869,-0.0092361046770707,0.992630759449306,130.13000020000618,1.643473944667271,1.632682525779288,2443,20,0.6976476122286571,0.0377742274288665,0.6202371442947292,0.7427626218904434,1.6676e+03 1.0447e+03 4.9198e+02 1.6670e+02 4.9455e+01 1.5313e+01 6.5687e+00 1.1299e+00 2.1699e-01 8.5146e-02 3.5238e-02 7.6386e-03 7.9540e-04 0.0000e+00,1.1841 1.1841 1.1841 1.1841 1.1841 1.1841 1.1841 1.1841 1.1841 1.1841 1.1841 1.1841 1.1841,
neural_const,39000.0,39600.0,39300.0,2530,0.7292360896348401,0.7204714222294064,1.1542996988995786,True,2.0762908467453203,1.637245920239901,0.0145148442482926,0.6552076675564915,33.73474768326497,0.0002048075175684,-0.4881524851339481,0.6254418372568741,104.4204044000071,1.6052805296602817,1.6050722688587102,2624,20,0.675800798637326,0.0360916018568611,0.6127437611284945,0.7326908959025062,1.6299e+03 1.0544e+03 5.3283e+02 1.7875e+02 5.5084e+01 1.5992e+01 6.4619e+00 8.8555e-01 2.0471e-01 7.7456e-02 3.3028e-02 6.4479e-03 3.3099e-04 0.0000e+00,1.1543 1.1543 1.1543 1.1543 1.1543 1.1543 1.1543 1.1543 1.1543 1.1543 1.1543 1.1543 1.1543,
neural_const,39300.0,39900.0,39600.0,2443,0.7092825303010232,0.6834697273699882,1.2063900101053764,True,2.042228098527965,1.6381756824863716,0.0116095372454908,0.8930187886454264,23.19849445927924,0.0100371452236517,-0.2875108880866474,0.7737211662317467,88.27821600000607,1.6181360238180265,1.6178873174662327,2548,20,0.6308152988529512,0.0492387291341041,0.5483846489538823,0.6831708151984957,1.9330e+03 1.1803e+03 4.8234e+02 1.6082e+02 6.0605e+01 1.6626e+01 6.3856e+00 9.4448e-01 1.7656e-01 5.9001e-02 2.1156e-02 5.7878e-03 1.0575e-03 0.0000e+00,1.2064 1.2064 1.2064 1.2064 1.2064 1.2064 1.2064 1.2064 1.2064 1.2064 1.2064 1.2064 1.2064,
neural_const,39600.0,40200.0,39900.0,2624,0.72801124917629,0.6764884840360025,1.178580095135744,True,2.088457110718341,1.612931615870508,0.0205478555224645,0.2148968853855719,27.09052718953476,0.0025198132006761,0.0779918911884997,0.937834503239976,118.39394360000732,1.6765239453866545,1.6238964964376692,1914,20,0.5564879588027325,0.0498625424816569,0.5077731931132995,0.6726194502087502,2.2922e+03 1.2632e+03 4.5401e+02 1.5896e+02 6.0422e+01 1.5573e+01 5.6416e+00 7.7155e-01 1.8131e-01 5.9764e-02 2.0826e-02 7.1801e-03 2.0494e-03 0.0000e+00,1.1786 1.1786 1.1786 1.1786 1.1786 1.1786 1.1786 1.1786 1.1786 1.1786 1.1786 1.1786 1.1786,
neural_const,39900.0,40500.0,40200.0,2548,0.7642128704190263,0.6739514561445846,0.9984365708907168,True,2.071688021074852,1.6255536595989435,0.0190297844363925,0.3107548380970291,41.995356606619445,7.512957277155074e-06,0.7996622580469739,0.4239065055830689,108.8713445000176,1.4275099463424654,1.2752684342184448,1531,20,0.6374201236390096,0.0651311831937514,0.5135555302446748,0.69633285545967,1.9757e+03 9.7916e+02 4.8460e+02 1.6560e+02 4.9076e+01 1.6520e+01 4.5315e+00 9.7497e-01 2.0282e-01 5.3256e-02 1.9352e-02 8.5383e-03 3.4289e-03 0.0000e+00,0.9984 0.9984 0.9984 0.9984 0.9984 0.9984 0.9984 0.9984 0.9984 0.9984 0.9984 0.9984 0.9984,
neural_const,40200.0,40800.0,40500.0,1914,0.6953874173693032,0.6149844406422348,0.9463212057389864,True,1.7955937452825304,1.6355728284857771,0.0139065606300871,0.8477860607696635,43.05971046375225,4.8522552059372014e-06,-0.3135220997805497,0.7538840332372769,62.069213699986,1.3931291465573554,1.3696558404574046,1551,20,0.4986894393511951,0.0646571673577248,0.433286502193476,0.6258021083201624,2.2644e+03 9.7213e+02 4.7836e+02 1.3259e+02 5.0223e+01 1.5659e+01 3.6696e+00 7.4604e-01 1.6312e-01 4.6380e-02 1.7633e-02 7.8085e-03 3.0704e-03 0.0000e+00,0.9463 0.9463 0.9463 0.9463 0.9463 0.9463 0.9463 0.9463 0.9463 0.9463 0.9463 0.9463 0.9463,
neural_const,40500.0,41100.0,40800.0,1531,0.547231988087195,0.5189137418377305,1.1607986018179726,True,1.2288144847357778,1.2920677442942403,0.0163117204810996,0.8036177645367899,15.458346958270551,0.1162233585598217,-0.3457938251146754,0.7294976660686774,50.52008109999588,1.346979122377485,1.3306526518448831,1858,20,0.4027576297290934,0.0505958607151079,0.3418379348007124,0.4963110048404727,2.0133e+03 7.7260e+02 3.4855e+02 1.2073e+02 4.9844e+01 1.3836e+01 2.9724e+00 6.6233e-01 1.6752e-01 4.6879e-02 1.3997e-02 4.2616e-03 1.1274e-03 0.0000e+00,1.1608 1.1608 1.1608 1.1608 1.1608 1.1608 1.1608 1.1608 1.1608 1.1608 1.1608 1.1608 1.1608,
neural_const,40800.0,41400.0,41100.0,1551,0.629973981444653,0.5843312234864136,0.9517218055608434,True,1.326475439435307,1.376749931474915,0.0182824494391323,0.6706723321649761,8.729510251003006,0.5579520678420145,-0.5484008071132346,0.5834167223752434,51.423336599982576,1.2011918027524875,1.1957146280258415,1745,20,0.4619152591789466,0.0624578074969634,0.3436559229410615,0.5386579606649452,1.5696e+03 8.7990e+02 3.9080e+02 1.3139e+02 3.8742e+01 1.2967e+01 3.7187e+00 8.8010e-01 2.1917e-01 6.3462e-02 2.0388e-02 6.6475e-03 1.8198e-03 0.0000e+00,0.9517 0.9517 0.9517 0.9517 0.9517 0.9517 0.9517 0.9517 0.9517 0.9517 0.9517 0.9517 0.9517,
neural_const,41100.0,41700.0,41400.0,1858,0.8001969604982679,0.6764230107411271,0.6136451142794116,True,1.48018395489515,1.3498576907375126,0.0170550344672227,0.645747734563088,15.875235883189182,0.1032600505863545,-0.3961323266766101,0.6920074115666237,53.5600817000086,1.2801929962261536,1.1952356286514034,1263,20,0.6887957442542609,0.0945990820178638,0.4548531879694564,0.7494793115289553,1.8029e+03 9.5369e+02 4.1369e+02 1.1132e+02 3.7403e+01 1.4506e+01 4.3221e+00 9.9250e-01 2.3982e-01 7.6000e-02 3.0370e-02 1.3138e-02 4.7979e-03 0.0000e+00,0.6136 0.6136 0.6136 0.6136 0.6136 0.6136 0.6136 0.6136 0.6136 0.6136 0.6136 0.6136 0.6136,
neural_const,41400.0,42000.0,41700.0,1745,0.798290566466217,0.7034469951433708,0.5959381865883453,True,1.274792566172061,1.2072123867516795,0.0240882084041812,0.2592019176284489,17.97844638953703,0.0553283104654488,0.0125331365431771,0.9900002656466816,53.17212959998869,1.6173455291727072,1.5923910437728177,1390,20,0.7264233225969028,0.0754002442044402,0.5353650796429033,0.7878115638473532,1.7206e+03 8.6687e+02 3.5087e+02 1.0860e+02 4.9338e+01 1.1491e+01 4.9643e+00 5.2179e-01 2.4680e-01 1.0655e-01 4.3924e-02 1.5117e-02 3.8297e-03 0.0000e+00,0.5959 0.5959 0.5959 0.5959 0.5959 0.5959 0.5959 0.5959 0.5959 0.5959 0.5959 0.5959 0.5959,
neural_const,41700.0,42300.0,42000.0,1263,0.5448420449364918,0.5013486125513524,0.957544169146244,True,0.9550302275378542,1.2107147604035096,0.0165164650024829,0.8752330254394567,8.27587617870389,0.601909398903538,-0.3454273007797789,0.7297731557652873,38.74866300000576,1.5124986279314283,1.5061463469596474,1429,20,0.3912918055026881,0.0467805721560075,0.3204629779491472,0.4667748517366238,1.8814e+03 6.7648e+02 3.0546e+02 9.4436e+01 3.7979e+01 1.2249e+01 2.7949e+00 6.2230e-01 1.6843e-01 5.3700e-02 1.8489e-02 6.2704e-03 1.7369e-03 0.0000e+00,0.9575 0.9575 0.9575 0.9575 0.9575 0.9575 0.9575 0.9575 0.9575 0.9575 0.9575 0.9575 0.9575,
neural_const,42000.0,42600.0,42300.0,1390,0.61816810817285,0.5593629238104482,0.8818109934025646,True,1.4503345006075083,1.610205129698917,0.0215251852406814,0.5328877157422146,18.40800449699822,0.0484590115064789,0.2768054446574604,0.7819295002402836,32.588839700008975,1.265999243324593,1.2591536652567512,1237,20,0.5256158138099826,0.0473963149225506,0.4683089417586392,0.6025350108845843,2.3743e+03 9.9893e+02 3.3383e+02 1.0737e+02 4.9978e+01 1.4110e+01 4.5472e+00 7.6896e-01 1.1129e-01 3.1759e-02 1.3424e-02 6.1087e-03 2.2803e-03 0.0000e+00,0.8818 0.8818 0.8818 0.8818 0.8818 0.8818 0.8818 0.8818 0.8818 0.8818 0.8818 0.8818 0.8818,
neural_const,42300.0,42900.0,42600.0,1429,0.6513147564054006,0.6125765217988669,0.8260356777785947,True,1.4024740651303762,1.534673542416655,0.0295931482339497,0.1603969697497703,19.0480352810934,0.0396567862119675,0.8713572853396402,0.383559100880543,50.82005419998313,1.582035294600428,1.581911518264495,1393,20,0.521042511219789,0.0516595407450221,0.4565467144028141,0.6078879143153474,2.1865e+03 1.1055e+03 3.6158e+02 1.0138e+02 5.0432e+01 1.1760e+01 5.7042e+00 8.8480e-01 1.8804e-01 6.0367e-02 1.9958e-02 6.2686e-03 1.5605e-03 0.0000e+00,0.8260 0.8260 0.8260 0.8260 0.8260 0.8260 0.8260 0.8260 0.8260 0.8260 0.8260 0.8260 0.8260,
neural_const,42600.0,43200.0,42900.0,1237,0.6267407430342906,0.551264800888256,0.7672080347691208,True,0.9999058683150788,1.2763911511387376,0.0221522247396931,0.5707080095979487,11.771922954218024,0.3006108690479602,-0.3830359498603999,0.7016931089248039,43.11065859999508,1.945023255036204,1.8585161232123752,1934,20,0.5009398579961829,0.0919296294344037,0.3799001083471831,0.6327792331440528,1.9656e+03 8.7413e+02 3.4879e+02 9.1547e+01 2.8296e+01 9.6002e+00 4.5747e+00 6.6188e-01 1.6667e-01 6.0552e-02 2.3563e-02 9.0357e-03 2.9473e-03 0.0000e+00,0.7672 0.7672 0.7672 0.7672 0.7672 0.7672 0.7672 0.7672 0.7672 0.7672 0.7672 0.7672 0.7672,
neural_const,42900.0,43500.0,43200.0,1393,0.6661267417231254,0.5889456905328051,0.776168983507622,True,1.43888789902835,1.5966025804646906,0.0176459534348237,0.7716109824914081,15.32625965239561,0.1206120090155028,0.5493213350492856,0.582784948376037,41.3259473000071,1.645835646509005,1.612740952292109,1833,20,0.5452842790002678,0.0798060085253519,0.4160829973235779,0.6576346996997886,2.2656e+03 8.9440e+02 4.6523e+02 1.1107e+02 4.0588e+01 1.1201e+01 4.0974e+00 7.5450e-01 1.5883e-01 5.0897e-02 2.0304e-02 8.5049e-03 2.9998e-03 0.0000e+00,0.7762 0.7762 0.7762 0.7762 0.7762 0.7762 0.7762 0.7762 0.7762 0.7762 0.7762 0.7762 0.7762,
neural_const,43200.0,43800.0,43500.0,1934,0.7621029524727834,0.6844277139230858,0.7584712455844622,True,2.076364811823848,1.905948791026754,0.0180058431618628,0.5513098364169512,64.04059553079985,6.18239311595536e-10,1.20462100368358,0.2283496445716356,44.73951240000315,1.3696633027155156,1.2675027756418489,1270,20,0.6477859449299325,0.0277919521549054,0.6106038193811332,0.7009535803063196,2.0446e+03 1.0771e+03 5.1266e+02 1.7572e+02 5.5554e+01 1.7690e+01 4.3177e+00 8.9994e-01 2.0020e-01 5.6165e-02 2.0229e-02 8.2982e-03 3.0018e-03 0.0000e+00,0.7585 0.7585 0.7585 0.7585 0.7585 0.7585 0.7585 0.7585 0.7585 0.7585 0.7585 0.7585 0.7585,
neural_const,43500.0,44100.0,43800.0,1833,0.7165807931198028,0.6451986294812632,0.859355415484718,True,1.7504197522192702,1.6336401595957115,0.0204169328479918,0.4238276606170905,69.09302219904586,6.633677148458072e-11,0.2453723982176814,0.8061680988770931,63.25073910001083,1.5343977192673133,1.3788077814726705,1086,20,0.4750329767721415,0.0279701618541523,0.4283492010132811,0.5223410065914533,1.7339e+03 1.0462e+03 4.3732e+02 1.6590e+02 5.2659e+01 1.6151e+01 4.1595e+00 8.9348e-01 1.9992e-01 5.8116e-02 2.1296e-02 8.4223e-03 2.8001e-03 0.0000e+00,0.8594 0.8594 0.8594 0.8594 0.8594 0.8594 0.8594 0.8594 0.8594 0.8594 0.8594 0.8594 0.8594,
neural_const,43800.0,44400.0,44100.0,1270,0.6694468291969755,0.5696408363823454,0.705715361398068,True,1.0386074654621424,1.288764941225652,0.0128254916897793,0.9833840358348772,21.52486302151812,0.0177168169994327,-0.2754099176109581,0.7830013254531316,31.072959100012667,1.1542128347082952,1.0741798202675696,849,20,0.4851085379471493,0.081149185795736,0.328536469888494,0.5807878553897481,1.8558e+03 9.0275e+02 3.8145e+02 1.4233e+02 3.7820e+01 1.1052e+01 2.7464e+00 6.6103e-01 1.8453e-01 6.3280e-02 2.5489e-02 1.0818e-02 3.8739e-03 0.0000e+00,0.7057 0.7057 0.7057 0.7057 0.7057 0.7057 0.7057 0.7057 0.7057 0.7057 0.7057 0.7057 0.7057,
neural_const,44100.0,44700.0,44400.0,1086,0.5117753700965801,0.5005272523118863,0.8755058384098577,True,0.9894532061683414,1.396126360890607,0.0132695570420021,0.989682896119778,29.967604025625874,0.0008671554830747,-0.8923149271080598,0.3722241555520243,29.227924900013026,1.4666833312367296,1.4528082757097351,885,20,0.4271703947919165,0.0627331553976214,0.3358849378963572,0.512716586666097,1.6348e+03 7.8212e+02 3.6106e+02 1.3653e+02 3.9493e+01 1.1921e+01 4.1506e+00 5.2445e-01 2.1328e-01 6.1153e-02 1.3324e-02 2.5883e-03 4.5495e-04 0.0000e+00,0.8755 0.8755 0.8755 0.8755 0.8755 0.8755 0.8755 0.8755 0.8755 0.8755 0.8755 0.8755 0.8755,
neural_const,44400.0,45000.0,44700.0,849,0.6335088662092385,0.5224742547607099,0.5096471916376464,True,0.4404024463971187,1.0932729153019178,0.0190776912953772,0.9108437865614054,15.765750249378955,0.1065372988363005,-1.0856745132808332,0.2776230204339077,31.161870100011583,1.5307419173907375,1.5147996321419397,1021,20,0.4001834987274942,0.0667883585954769,0.2938557396638171,0.4889838750731525,9.4823e+02 4.8453e+02 2.6143e+02 1.0701e+02 3.2661e+01 1.2186e+01 4.1397e+00 9.8772e-01 1.9243e-01 4.8969e-02 1.9460e-02 9.5937e-03 4.1858e-03 0.0000e+00,0.5096 0.5096 0.5096 0.5096 0.5096 0.5096 0.5096 0.5096 0.5096 0.5096 0.5096 0.5096 0.5096,
neural_const,44700.0,45300.0,45000.0,885,0.6280167256176036,0.5279614989375861,0.540237650078907,True,0.8525228399970055,1.4638648502052225,0.0207306684554068,0.8335875492900217,17.80581796086451,0.0583289015978292,-1.0085982282407702,0.3131673573905429,25.831874700001208,1.3499468887570991,1.349845321276391,934,20,0.454124202177616,0.0759000487071508,0.3641182822272119,0.6067802993485021,2.0375e+03 8.8478e+02 2.9372e+02 1.4650e+02 5.1453e+01 9.9002e+00 2.8504e+00 7.6276e-01 1.5201e-01 3.7507e-02 1.5761e-02 8.2574e-03 3.7573e-03 0.0000e+00,0.5402 0.5402 0.5402 0.5402 0.5402 0.5402 0.5402 0.5402 0.5402 0.5402 0.5402 0.5402 0.5402,
neural_const,45000.0,45600.0,45300.0,1021,0.631345162684934,0.5525384386476146,0.6321839127471303,True,1.0715014661743494,1.53989330322583,0.0211532260739466,0.7425197164212174,21.399433549644527,0.0184741909831438,-0.691943609162957,0.4889727428352309,21.105620599992108,1.4200790532608445,1.4122794506052805,1180,20,0.435075485591709,0.0602851083190995,0.3353872322064572,0.5578001595560786,1.5952e+03 7.2742e+02 3.4311e+02 1.6939e+02 4.5473e+01 1.0581e+01 3.7010e+00 8.4021e-01 1.4748e-01 3.7897e-02 1.5397e-02 7.3689e-03 3.0112e-03 0.0000e+00,0.6322 0.6322 0.6322 0.6322 0.6322 0.6322 0.6322 0.6322 0.6322 0.6322 0.6322 0.6322 0.6322,
neural_const,45300.0,45900.0,45600.0,934,0.5593130964950278,0.4867855374513264,0.6784129721503084,True,0.8070240430774819,1.364477260064786,0.0347198977696002,0.2053636732746107,10.390145274902473,0.4069565769493686,-0.090951880446543,0.9275308263489423,20.90647600000375,1.3551588800771168,1.3032215603781667,1345,20,0.4139620041433538,0.0521513597260541,0.3461729232778986,0.5028906304469646,1.7211e+03 8.2018e+02 3.9447e+02 1.2090e+02 3.9541e+01 7.2985e+00 3.6568e+00 7.1852e-01 1.0020e-01 3.0663e-02 1.4047e-02 6.9016e-03 2.7826e-03 0.0000e+00,0.6784 0.6784 0.6784 0.6784 0.6784 0.6784 0.6784 0.6784 0.6784 0.6784 0.6784 0.6784 0.6784,
neural_const,45600.0,46200.0,45900.0,1180,0.6536181145940707,0.5504409781544627,0.681024392330894,True,1.096938430943356,1.420598368699792,0.0337046533451474,0.1338859294717193,15.637797931123172,0.1104809448764518,1.029042455495934,0.3034597249933954,23.583141800016165,1.3230629687712212,1.3228069847493564,1219,20,0.5844676173631029,0.0556426196240022,0.4698366250060216,0.6508074495835822,1.6245e+03 9.3948e+02 4.3833e+02 1.4062e+02 5.4986e+01 1.0953e+01 3.7685e+00 6.7093e-01 9.1703e-02 3.2891e-02 1.6884e-02 9.0480e-03 3.9235e-03 0.0000e+00,0.6810 0.6810 0.6810 0.6810 0.6810 0.6810 0.6810 0.6810 0.6810 0.6810 0.6810 0.6810 0.6810,
neural_const,45900.0,46500.0,46200.0,1345,0.6665123868732302,0.5711267694154284,0.7614022343643638,True,1.1370819247563315,1.3298622879365385,0.0228024509783801,0.4794519950940613,10.99108689795659,0.3582128387471917,1.7782456905976047,0.0753635117532276,27.510725600004665,1.5982766703279596,1.5827024994800505,1107,20,0.5853266152179776,0.0438060517687592,0.4991222435475666,0.6623580321963657,1.2224e+03 7.3134e+02 3.6770e+02 1.4814e+02 6.0690e+01 1.3765e+01 4.7799e+00 7.6589e-01 1.0976e-01 3.5175e-02 1.7029e-02 8.7545e-03 3.6481e-03 0.0000e+00,0.7614 0.7614 0.7614 0.7614 0.7614 0.7614 0.7614 0.7614 0.7614 0.7614 0.7614 0.7614 0.7614,
neural_const,46200.0,46800.0,46500.0,1219,0.7205232840928262,0.5990116547722816,0.576196797699214,True,1.0371143706977854,1.3282578964326603,0.0173113575367151,0.8520073468281681,13.346593162307316,0.2049337265356969,0.5293121038182076,0.5965889605095,23.915360299986787,1.2665636003093994,1.2645803945553868,1144,20,0.6830720309485223,0.0217439838439222,0.6491936024145512,0.7239436799263661,1.6585e+03 9.4762e+02 3.9533e+02 1.2322e+02 4.3678e+01 1.1514e+01 4.7397e+00 8.2576e-01 1.1786e-01 4.8192e-02 2.5301e-02 1.2542e-02 4.7340e-03 0.0000e+00,0.5762 0.5762 0.5762 0.5762 0.5762 0.5762 0.5762 0.5762 0.5762 0.5762 0.5762 0.5762 0.5762,
neural_const,46500.0,47100.0,46800.0,1107,0.6965181135843682,0.5623925159281508,0.5368114501788958,True,1.2294041894545555,1.616924911962065,0.0203141815260287,0.7428880542314231,10.523195847899386,0.3958498838534229,-0.1143373603303041,0.908970367419202,27.30934979999438,1.1344846505854085,1.1374882725183904,1172,20,0.4412376744702844,0.0695184151566999,0.367740899484383,0.6033776271080453,2.6763e+03 1.4291e+03 4.4303e+02 1.0449e+02 3.5570e+01 1.1923e+01 3.6234e+00 6.1093e-01 1.0284e-01 3.4491e-02 1.8029e-02 1.0432e-02 5.0055e-03 0.0000e+00,0.5368 0.5368 0.5368 0.5368 0.5368 0.5368 0.5368 0.5368 0.5368 0.5368 0.5368 0.5368 0.5368,
neural_const,46800.0,47400.0,47100.0,1144,0.5138123567245282,0.4800078113873274,0.92789627859306,True,0.9206599768046276,1.275303460081031,0.0173914023771688,0.873330188469831,24.908713450643464,0.0055212483948944,0.1308895618445822,0.8958626720833412,26.057644799991976,1.3515421246854085,1.3474019101349342,1003,20,0.3838760363312811,0.0327746186725573,0.3391401915060894,0.4342313061631221,1.9452e+03 1.0039e+03 3.6216e+02 8.6670e+01 3.6554e+01 1.3030e+01 3.3562e+00 6.8944e-01 1.4479e-01 3.7359e-02 1.1949e-02 4.2494e-03 1.3282e-03 0.0000e+00,0.9279 0.9279 0.9279 0.9279 0.9279 0.9279 0.9279 0.9279 0.9279 0.9279 0.9279 0.9279 0.9279,
neural_const,47100.0,47700.0,47400.0,1172,0.5207220621648575,0.4947832289097569,0.9391371816219948,True,0.8277581226390031,1.1582208077181917,0.0206792546363533,0.6899300175834207,11.60263710768672,0.3125301576058736,0.3527726801267302,0.724258866745733,24.91068080000696,1.4635418450574051,1.4596157995134038,1010,20,0.3993126578712277,0.0355623550391393,0.3460082556849109,0.4618807724786339,1.2719e+03 7.5370e+02 3.4903e+02 8.6651e+01 2.9751e+01 1.3071e+01 4.2127e+00 9.3253e-01 1.9008e-01 4.5279e-02 1.2751e-02 3.8759e-03 1.0334e-03 0.0000e+00,0.9391 0.9391 0.9391 0.9391 0.9391 0.9391 0.9391 0.9391 0.9391 0.9391 0.9391 0.9391 0.9391,
neural_const,47400.0,48000.0,47700.0,1003,0.5697518444011014,0.5298770769607759,0.715571771609814,True,0.8715601272216814,1.3577389944758924,0.0272841069605649,0.4364718197427094,9.79293004759618,0.4588443637539987,0.7202140711623378,0.4713932015622438,24.173612800019328,1.7741283395966865,1.7758593617898104,990,20,0.4267755096147442,0.0514451708442209,0.3680568902396781,0.5310520881723937,1.3899e+03 7.7625e+02 3.5459e+02 1.1276e+02 3.1922e+01 1.0066e+01 4.0460e+00 8.6900e-01 1.7884e-01 5.4099e-02 1.8181e-02 5.9442e-03 1.5936e-03 0.0000e+00,0.7156 0.7156 0.7156 0.7156 0.7156 0.7156 0.7156 0.7156 0.7156 0.7156 0.7156 0.7156 0.7156,
neural_const,47700.0,48300.0,48000.0,1010,0.6240852304042528,0.5226489075757683,0.6338555060798927,True,0.9996839493476972,1.4789079947285384,0.024301154849998,0.581176903690025,11.475651844005506,0.3216795290474155,0.4973881855552035,0.61891533531381,20.6097723999992,1.499193508067923,1.4670755982647494,782,20,0.5465262897779734,0.0505835318181118,0.4298900165318436,0.6111292979017607,1.9979e+03 8.8326e+02 2.8956e+02 1.2633e+02 4.9745e+01 1.4157e+01 3.8793e+00 4.2279e-01 7.7886e-02 2.9619e-02 1.5675e-02 8.6396e-03 3.8429e-03 0.0000e+00,0.6339 0.6339 0.6339 0.6339 0.6339 0.6339 0.6339 0.6339 0.6339 0.6339 0.6339 0.6339 0.6339,
neural_const,48000.0,48600.0,48300.0,990,0.6678333119731219,0.5631215806520694,0.5491360912448597,True,1.2991104358022327,1.7983351478897436,0.0231573742378561,0.6543931480620895,31.582294466094236,0.0004699086320071,-0.2543330468163812,0.7992382713030697,26.20072870000149,1.358362234039755,1.35933663310248,956,20,0.5350081000817618,0.0851382078470649,0.4223428133446061,0.6616463647092294,2.7626e+03 1.1623e+03 3.6767e+02 1.3642e+02 4.5544e+01 1.3657e+01 4.2520e+00 3.7322e-01 9.3942e-02 3.3314e-02 1.6124e-02 8.7372e-03 3.9482e-03 0.0000e+00,0.5491 0.5491 0.5491 0.5491 0.5491 0.5491 0.5491 0.5491 0.5491 0.5491 0.5491 0.5491 0.5491,
neural_const,48300.0,48900.0,48600.0,782,0.487342366095526,0.4616093256467826,0.6458376165257511,True,0.7655965942786541,1.5006715089494893,0.0191805065548439,0.9304563465407416,17.095959747942523,0.0722674201719201,-0.9688146897125716,0.3326376559699522,21.98966980000841,1.385247088358289,1.3733625936072031,936,20,0.3667096494283158,0.0277542197078715,0.3299758912384501,0.4212217713135598,2.5809e+03 1.2396e+03 4.6445e+02 7.7011e+01 3.1607e+01 6.7305e+00 2.9323e+00 5.4802e-01 1.5139e-01 4.2595e-02 1.3560e-02 4.3272e-03 1.0470e-03 0.0000e+00,0.6458 0.6458 0.6458 0.6458 0.6458 0.6458 0.6458 0.6458 0.6458 0.6458 0.6458 0.6458 0.6458,
neural_const,48600.0,49200.0,48900.0,956,0.5729341075853912,0.5328314794130884,0.6668753061073718,True,0.8440625024157414,1.3782342445804865,0.0170060331975743,0.9405361590964716,22.85882968002228,0.0112798277798505,-0.7996886746525467,0.4238911962747084,21.99052049999591,1.1868855890705192,1.1645734199610311,777,20,0.4108818872261805,0.07373561683351,0.3380616365637855,0.5627102006435242,1.8859e+03 1.0122e+03 4.1256e+02 1.0967e+02 4.4899e+01 1.0775e+01 3.4553e+00 5.6764e-01 2.3333e-01 6.7067e-02 1.8763e-02 5.7670e-03 1.5924e-03 0.0000e+00,0.6669 0.6669 0.6669 0.6669 0.6669 0.6669 0.6669 0.6669 0.6669 0.6669 0.6669 0.6669 0.6669,
neural_const,48900.0,49500.0,49200.0,936,0.5781775292399287,0.5428069964791712,0.6436083488297244,True,0.8408118594207411,1.3961260381592957,0.0293478005739067,0.3882252151969179,20.718570062846396,0.0231437528838388,-0.2896006740997349,0.7721217512343019,18.247567899990827,1.0990986434010024,1.0330239507166163,658,20,0.446381267512362,0.0556328304508254,0.3788632532625685,0.5558266383742574,1.9858e+03 9.9914e+02 3.4656e+02 1.2255e+02 4.1986e+01 1.2013e+01 3.2770e+00 5.7251e-01 1.9462e-01 6.7733e-02 2.1846e-02 6.2852e-03 1.4305e-03 0.0000e+00,0.6436 0.6436 0.6436 0.6436 0.6436 0.6436 0.6436 0.6436 0.6436 0.6436 0.6436 0.6436 0.6436,
neural_const,49200.0,49800.0,49500.0,777,0.5807081592850432,0.4576489750203045,0.5109521809423765,True,0.4437958796695321,1.1852851845180312,0.0264651817994799,0.6379604830206178,6.948860126133247,0.7302638925000514,-0.4773961354113413,0.633080065606596,15.07959859998664,0.8854250886986493,0.8589375999595623,619,20,0.4971191516849432,0.0507196054852411,0.4345852197963001,0.5868495562401755,7.7780e+02 6.5925e+02 3.4082e+02 1.0689e+02 3.3776e+01 8.8459e+00 2.6995e+00 8.2308e-01 9.1934e-02 2.9381e-02 1.4785e-02 9.2540e-03 4.6002e-03 0.0000e+00,0.5110 0.5110 0.5110 0.5110 0.5110 0.5110 0.5110 0.5110 0.5110 0.5110 0.5110 0.5110 0.5110,
neural_const,49500.0,50100.0,49800.0,658,0.6072385227840309,0.4444375835107922,0.4271807778218514,True,0.1464871086953338,1.054211832586163,0.0210783793854463,0.925787675243794,17.255657829532815,0.0688949008576568,-0.3109411154559607,0.7558453870504009,17.029416699981084,1.3109636172838002,1.2413302426462491,984,20,0.5741904900144333,0.0492682398991865,0.5140714238940653,0.6802344989868714,1.4242e+03 7.9887e+02 2.8574e+02 9.2020e+01 3.5719e+01 7.0429e+00 3.1410e+00 6.3361e-01 3.4313e-02 2.4494e-02 1.8291e-02 1.2186e-02 6.0921e-03 0.0000e+00,0.4272 0.4272 0.4272 0.4272 0.4272 0.4272 0.4272 0.4272 0.4272 0.4272 0.4272 0.4272 0.4272,
neural_const,49800.0,50400.0,50100.0,619,0.3274691945446539,0.3274690334012634,0.6942847060451571,True,-0.0970775226355722,0.8717468598959779,0.0192719451994146,0.9722212277106228,34.00453218772021,0.0001843719494474,0.4001858659955921,0.6890196240763939,11.697901399980765,1.526813747925578,1.3978034477674004,1170,20,0.3325321392986754,0.0306580913352968,0.2778674664251205,0.3832915439429315,9.5707e+02 4.0180e+02 1.8328e+02 8.6676e+01 3.0719e+01 7.3636e+00 4.3398e+00 1.3936e+00 2.3599e-02 2.0655e-05 4.0433e-07 3.4485e-08 6.4298e-09 0.0000e+00,0.6943 0.6943 0.6943 0.6943 0.6943 0.6943 0.6943 0.6943 0.6943 0.6943 0.6943 0.6943 0.6943,
neural_const,50100.0,50700.0,50400.0,984,0.7503971644460863,0.6508863100120702,0.4233530864211984,True,0.7700866551004448,1.2753904132643377,0.0186731175263462,0.8760253125535709,15.739416717542923,0.1073388395116888,-0.3375515665536572,0.7357011461326541,25.5107078999863,1.7215509260304795,1.70359970851446,1197,20,0.722460080673338,0.0386730857184961,0.6718018144318574,0.7907938869659109,1.1385e+03 6.4850e+02 3.5612e+02 1.4137e+02 3.4238e+01 9.8489e+00 4.6936e+00 1.6050e+00 1.0383e-01 6.2468e-02 3.5380e-02 1.5252e-02 4.0608e-03 0.0000e+00,0.4234 0.4234 0.4234 0.4234 0.4234 0.4234 0.4234 0.4234 0.4234 0.4234 0.4234 0.4234 0.4234,
neural_const,50400.0,51000.0,50700.0,1170,0.712072806678222,0.629853545585695,0.5568492551091944,True,1.1261595577285406,1.4583301851528854,0.032937136996141,0.1544376370208752,11.594413838043156,0.3131172502258929,-0.0100403476758355,0.9919890961992254,19.505875200004084,1.6497408926676551,1.622765416382746,1502,20,0.598047429402839,0.0459872349003681,0.527522533789844,0.6763431535230503,1.8041e+03 9.6960e+02 3.7928e+02 1.0982e+02 4.8475e+01 1.0454e+01 4.7025e+00 1.4698e+00 2.6715e-01 5.8160e-02 1.9305e-02 8.1378e-03 3.1451e-03 0.0000e+00,0.5568 0.5568 0.5568 0.5568 0.5568 0.5568 0.5568 0.5568 0.5568 0.5568 0.5568 0.5568 0.5568,
neural_const,50700.0,51300.0,51000.0,1197,0.5604949671594371,0.5582892572494023,0.8785881674163907,True,1.442724673354357,1.7520806230125303,0.0456739939501785,0.0131298748005402,12.013584931163509,0.2841483402904809,0.4751445225603368,0.634683966231515,26.34941229998367,1.414070887957621,1.4003270279812656,1582,20,0.5123764187283202,0.0225986403396351,0.4715812536773898,0.54682442109043,1.7060e+03 7.5465e+02 3.2956e+02 1.2003e+02 4.7217e+01 1.6469e+01 4.6241e+00 1.0721e+00 2.1158e-01 3.6001e-02 5.3872e-03 7.3669e-04 8.9554e-05 0.0000e+00,0.8786 0.8786 0.8786 0.8786 0.8786 0.8786 0.8786 0.8786 0.8786 0.8786 0.8786 0.8786 0.8786,
neural_const,51000.0,51600.0,51300.0,1502,0.8516225765226523,0.6849961262499659,0.3843463471689344,True,1.5691434603380665,1.651520283230133,0.0207922380620796,0.5278378809461723,12.52235159821433,0.2516164204667762,-0.1139779438214737,0.9092552777679522,24.61815709999064,1.4897468040943902,1.4727854376636564,1255,20,0.7863606622221366,0.0194951121607674,0.7488689705819681,0.8121439198357853,2.0919e+03 9.3021e+02 3.4706e+02 1.1721e+02 4.8772e+01 1.6487e+01 4.0413e+00 8.0848e-01 1.8280e-01 6.0536e-02 2.7809e-02 1.4349e-02 6.2925e-03 0.0000e+00,0.3843 0.3843 0.3843 0.3843 0.3843 0.3843 0.3843 0.3843 0.3843 0.3843 0.3843 0.3843 0.3843,
neural_const,51300.0,51900.0,51600.0,1582,0.8069089813531043,0.7041848607498655,0.4913074813326658,True,1.40417741694569,1.4346619238342373,0.0149882078821321,0.8639246700275498,23.48952937080025,0.0090769658866786,-0.4152125962663957,0.6779862784873081,34.37550850000116,1.6658562707460671,1.6531980332169305,1345,20,0.7410644335456433,0.0495848458548378,0.6359291342381864,0.799950884697453,2.3706e+03 1.0329e+03 3.8088e+02 9.7566e+01 3.7296e+01 1.3480e+01 3.8425e+00 7.2581e-01 2.2032e-01 1.0055e-01 4.3867e-02 1.5847e-02 4.1404e-03 0.0000e+00,0.4913 0.4913 0.4913 0.4913 0.4913 0.4913 0.4913 0.4913 0.4913 0.4913 0.4913 0.4913 0.4913,
neural_const,51600.0,52200.0,51900.0,1255,0.7212244817025573,0.6464592849485867,0.568754672106307,True,1.2287494122700084,1.4907882159202706,0.0219413141413118,0.5737785997376702,16.91418185622625,0.0762846165224043,0.1645995206055837,0.8692592085712101,23.022154800011776,1.352424640643277,1.3477263251313796,1400,20,0.6737574916565416,0.0740834867046623,0.4668387618541368,0.7296221646463708,2.5125e+03 8.2160e+02 3.8372e+02 1.1562e+02 2.9514e+01 1.1814e+01 4.2586e+00 4.9456e-01 1.3334e-01 7.6335e-02 3.9972e-02 1.4965e-02 3.1125e-03 0.0000e+00,0.5688 0.5688 0.5688 0.5688 0.5688 0.5688 0.5688 0.5688 0.5688 0.5688 0.5688 0.5688 0.5688,
neural_const,51900.0,52500.0,52200.0,1345,0.7743051893241255,0.6169134824984229,0.5169567148738841,True,1.485165961492883,1.6779463246730897,0.0251511144776949,0.3566545884381743,34.36517733854061,0.000160148050274,0.7546296685786722,0.4504712169721373,26.192113800003423,1.319774722308064,1.3209563001829774,1391,20,0.7380013772825362,0.0296221738820394,0.6854908921414248,0.7781840214183268,1.7605e+03 6.2302e+02 3.9234e+02 2.0573e+02 4.3008e+01 1.3309e+01 4.8246e+00 4.2151e-01 7.2134e-02 3.5992e-02 2.1720e-02 1.2811e-02 5.9368e-03 0.0000e+00,0.5170 0.5170 0.5170 0.5170 0.5170 0.5170 0.5170 0.5170 0.5170 0.5170 0.5170 0.5170 0.5170,
neural_const,52200.0,52800.0,52500.0,1400,0.6768397336241527,0.6140562986540752,0.7565808784552192,True,1.2216934945897309,1.3743956342025272,0.0215411591645946,0.5273058159329302,31.72332053176269,0.0004452302830055,0.2354777393069146,0.8138379545995281,29.571062800008804,1.580064784686225,1.581068473904552,1363,20,0.6477442506122879,0.0470626562700673,0.5460720418959337,0.7119815311299573,8.6475e+02 5.0285e+02 3.4640e+02 1.9406e+02 4.7208e+01 1.0587e+01 4.7975e+00 5.5724e-01 1.2304e-01 6.7566e-02 3.2042e-02 1.1156e-02 2.5544e-03 0.0000e+00,0.7566 0.7566 0.7566 0.7566 0.7566 0.7566 0.7566 0.7566 0.7566 0.7566 0.7566 0.7566 0.7566,
neural_const,52500.0,53100.0,52800.0,1391,0.6299038991365885,0.5779651520109044,0.8549300875644195,True,1.1867349260802542,1.3458863893729578,0.0249213334685651,0.3476384191705273,39.23511358356486,2.30908588764426e-05,-0.1669273885649068,0.8674271825386057,30.3666077000089,1.362808496543808,1.3618678257254115,1302,20,0.4504359775499562,0.0540552699531847,0.389516409787457,0.551671297198723,1.1636e+03 5.8243e+02 3.1252e+02 1.7184e+02 6.4089e+01 1.1713e+01 3.6154e+00 6.7384e-01 1.6516e-01 6.2834e-02 2.3934e-02 8.0584e-03 2.0886e-03 0.0000e+00,0.8549 0.8549 0.8549 0.8549 0.8549 0.8549 0.8549 0.8549 0.8549 0.8549 0.8549 0.8549 0.8549,
neural_const,52800.0,53400.0,53100.0,1363,0.6944136312077075,0.6025923797514061,0.6956825076213673,True,1.4297242596010589,1.6092104831206726,0.018511127849815,0.7313374562581693,18.851423619814543,0.0421909182263669,0.4133348538199668,0.6793612972751768,27.878084600000875,1.2227803294315212,1.224853918464721,1398,20,0.4907064296448191,0.087044643152686,0.4137660371483332,0.6588211582840536,1.5361e+03 8.1908e+02 3.7642e+02 1.6354e+02 7.5100e+01 1.4501e+01 3.2820e+00 5.4581e-01 1.2740e-01 4.5603e-02 2.0305e-02 9.3778e-03 3.5505e-03 0.0000e+00,0.6957 0.6957 0.6957 0.6957 0.6957 0.6957 0.6957 0.6957 0.6957 0.6957 0.6957 0.6957 0.6957,
neural_const,53100.0,53700.0,53400.0,1302,0.8008506914600615,0.6956173124846051,0.4349410794713895,True,1.1521241592500195,1.3773969916976516,0.0151662630424891,0.9210210079876636,13.88785299526496,0.1781687166268448,0.4689358252946065,0.6391155079004258,26.521443200006612,1.3501965876269189,1.3328417319489343,1594,20,0.7788552512647401,0.0210940428400065,0.7504456272577184,0.8145127850050082,1.7897e+03 6.8199e+02 3.1566e+02 1.4651e+02 4.9910e+01 1.2857e+01 3.4325e+00 6.9383e-01 1.5408e-01 8.0320e-02 4.5645e-02 1.9478e-02 4.4160e-03 0.0000e+00,0.4349 0.4349 0.4349 0.4349 0.4349 0.4349 0.4349 0.4349 0.4349 0.4349 0.4349 0.4349 0.4349,
neural_const,53400.0,54000.0,53700.0,1398,0.7950953277825876,0.6842681593570306,0.459166711109697,True,1.097915393110466,1.252047125532857,0.0174734214714012,0.7799590915662726,20.724959165316417,0.023095211558821,-0.4500940452030749,0.6526426303480287,35.21539189998293,1.3153771977244375,1.3117271261901262,1525,20,0.6672191443608988,0.1216848856477932,0.4400315968430427,0.7804438907709026,1.7904e+03 6.5927e+02 3.0898e+02 1.2865e+02 4.5226e+01 1.1480e+01 2.9938e+00 5.7578e-01 2.0016e-01 1.0350e-01 4.9577e-02 1.8556e-02 4.5403e-03 0.0000e+00,0.4592 0.4592 0.4592 0.4592 0.4592 0.4592 0.4592 0.4592 0.4592 0.4592 0.4592 0.4592 0.4592,
neural_const,53700.0,54300.0,54000.0,1594,0.7561696198693709,0.6156038774155074,0.6468353210771918,True,1.3130127786354555,1.3359405745014417,0.0136204457801658,0.9249144272039008,10.46058734989409,0.4010546396102925,0.4349033926941313,0.6636325518884418,32.41538310001488,1.5488450664629816,1.5471465409971137,1467,20,0.684902189517566,0.0448519239418352,0.6167525079607802,0.7520148277073883,1.7088e+03 8.6444e+02 3.8988e+02 1.4057e+02 4.3527e+01 1.2509e+01 3.1673e+00 6.5143e-01 1.6084e-01 5.9685e-02 2.7844e-02 1.3520e-02 5.3952e-03 0.0000e+00,0.6468 0.6468 0.6468 0.6468 0.6468 0.6468 0.6468 0.6468 0.6468 0.6468 0.6468 0.6468 0.6468,
neural_const,54000.0,54600.0,54300.0,1525,0.7090046624655243,0.6623034769040353,0.728712045158381,True,1.256510379845173,1.3236903460198073,0.0196802957295325,0.5890215374610175,4.416304897427263,0.9266190544694416,0.4077644536135095,0.683446612799272,39.774537099990994,1.661303826629792,1.6343089095808268,1942,20,0.6544305658682068,0.0639003693873622,0.5099495768305194,0.7182518205502119,1.1729e+03 6.5748e+02 4.1444e+02 1.8373e+02 3.5062e+01 1.1391e+01 3.9529e+00 5.5727e-01 1.6191e-01 9.1871e-02 4.4336e-02 1.3685e-02 1.9586e-03 0.0000e+00,0.7287 0.7287 0.7287 0.7287 0.7287 0.7287 0.7287 0.7287 0.7287 0.7287 0.7287 0.7287 0.7287,
neural_const,54300.0,54900.0,54600.0,1467,0.6330231789944755,0.6204738263116225,0.8946740707204328,True,1.45882095441986,1.564775831493025,0.0189072842104086,0.6634580342508455,24.47187561728668,0.0064417117483593,-0.0106692048886563,0.991487367645171,33.43878179998137,1.6503120300335874,1.591899257696563,2139,20,0.5208030136902554,0.0581186270876884,0.4412099273842507,0.6087140658488445,1.6204e+03 7.7903e+02 3.2617e+02 1.7111e+02 6.0673e+01 1.4824e+01 4.5926e+00 4.9844e-01 1.7006e-01 8.1222e-02 2.9484e-02 6.0540e-03 5.0935e-04 0.0000e+00,0.8947 0.8947 0.8947 0.8947 0.8947 0.8947 0.8947 0.8947 0.8947 0.8947 0.8947 0.8947 0.8947,
neural_const,54600.0,55200.0,54900.0,1942,0.7506277445948146,0.69784408548697,0.8077708806041646,True,1.8398914491625693,1.6653474555274452,0.0216816849608851,0.3162750430452072,28.840127749846737,0.0013224908036107,-0.0253071968754652,0.9798099334943964,53.35804610000923,1.931613608011692,1.9311538228021277,2040,20,0.6166538815730762,0.0856324768812456,0.4713293035996655,0.7282813329760766,1.8264e+03 1.0022e+03 3.7348e+02 1.8039e+02 7.7448e+01 1.3474e+01 4.0970e+00 6.4360e-01 2.3129e-01 8.9991e-02 3.0721e-02 9.1171e-03 2.1313e-03 0.0000e+00,0.8078 0.8078 0.8078 0.8078 0.8078 0.8078 0.8078 0.8078 0.8078 0.8078 0.8078 0.8078 0.8078,
neural_const,54900.0,55500.0,55200.0,2139,0.8216093281866488,0.720169714078928,0.6243698565245097,True,1.8701743062532077,1.5990102523869485,0.0241192444132791,0.1632918946175997,12.608687237789258,0.2463806109905931,0.6642227329466742,0.5065477657355907,58.80791989999125,1.8220740640611257,1.8218810266848395,2207,20,0.6360015338814037,0.1332077229796033,0.4579082917017195,0.7781004019403928,2.1060e+03 1.1558e+03 3.7779e+02 1.5846e+02 6.3459e+01 1.5718e+01 4.0779e+00 8.8752e-01 2.3092e-01 7.8564e-02 3.0940e-02 1.2305e-02 3.9933e-03 0.0000e+00,0.6244 0.6244 0.6244 0.6244 0.6244 0.6244 0.6244 0.6244 0.6244 0.6244 0.6244 0.6244 0.6244,
neural_const,55200.0,55800.0,55500.0,2040,0.8120836149825164,0.6910768169808195,0.6764229223997928,True,2.1776618852919394,1.953886453669824,0.0410764949364864,0.0019888886837066,23.161533993638717,0.0101657796868351,1.1055992489752806,0.2689000150357855,41.70896099999664,1.6171144992626794,1.613781545380394,2351,20,0.7676915392733181,0.0186247017334013,0.7314976446931265,0.7912218771598738,2.8724e+03 1.3302e+03 3.9018e+02 1.5163e+02 6.8090e+01 1.8058e+01 6.6563e+00 5.0998e-01 1.0111e-01 3.3971e-02 1.6950e-02 9.6127e-03 4.5329e-03 0.0000e+00,0.6764 0.6764 0.6764 0.6764 0.6764 0.6764 0.6764 0.6764 0.6764 0.6764 0.6764 0.6764 0.6764,
neural_const,55500.0,56100.0,55800.0,2207,0.8037950669182684,0.6925515717406154,0.7132762100509769,True,2.131958246312038,1.829498495271448,0.0343575031889331,0.0106620845326759,17.19939285964902,0.070066724350212,1.2128864666071846,0.2251732305207073,53.23042239999632,1.6536870241261414,1.659399744061928,2176,20,0.6333581777617187,0.0863879942716974,0.5027941570801929,0.7338022566661061,2.6596e+03 1.2143e+03 3.9039e+02 1.4957e+02 6.5120e+01 2.1398e+01 4.5260e+00 7.5171e-01 1.4893e-01 4.5084e-02 1.9503e-02 9.7266e-03 4.2015e-03 0.0000e+00,0.7133 0.7133 0.7133 0.7133 0.7133 0.7133 0.7133 0.7133 0.7133 0.7133 0.7133 0.7133 0.7133,
neural_const,55800.0,56400.0,56100.0,2351,0.7058764432988295,0.6236985890770538,1.0610543026826211,True,1.990353253536724,1.6246868602128004,0.0284711772940552,0.0433845203102415,32.56973370822358,0.0003216342744254,0.2949767287972668,0.7680116568982583,64.71997470001224,1.427805720169762,1.4162311638600693,2840,20,0.5106051219444964,0.0640765363749834,0.4573424813765894,0.6666149894809367,2.8006e+03 1.1313e+03 3.7887e+02 1.4250e+02 5.6437e+01 1.3776e+01 3.9304e+00 6.6103e-01 1.3695e-01 4.7095e-02 2.0244e-02 8.9038e-03 3.1977e-03 0.0000e+00,1.0611 1.0611 1.0611 1.0611 1.0611 1.0611 1.0611 1.0611 1.0611 1.0611 1.0611 1.0611 1.0611,
neural_const,56100.0,56700.0,56400.0,2176,0.6582116324445855,0.5685158734888021,1.247870273285438,True,1.980220798018937,1.6919068452592505,0.0234388299941778,0.1801159275034634,36.598015403455626,6.640705794371057e-05,0.1712950667403057,0.863991759307378,57.18242780002765,1.658180819548403,1.4810232253222624,4313,20,0.5804737709259264,0.026999237432773,0.5291655830956942,0.6203679099396948,2.4585e+03 1.0986e+03 4.3771e+02 1.5605e+02 4.3223e+01 1.1702e+01 3.0546e+00 4.9235e-01 9.1670e-02 3.1887e-02 1.5516e-02 8.0398e-03 3.4156e-03 0.0000e+00,1.2479 1.2479 1.2479 1.2479 1.2479 1.2479 1.2479 1.2479 1.2479 1.2479 1.2479 1.2479 1.2479,
neural_const,56400.0,57000.0,56700.0,2840,0.7891772489669481,0.66747142934655,1.034660034847088,True,1.972529406565484,1.4178997306263783,0.021232806314648,0.1522498505700861,15.239216180979833,0.1235808074160543,0.3784559228516501,0.7050919314693793,107.00115229998482,1.676174988168807,1.4342603567413934,6265,20,0.6590225103445541,0.088569830658295,0.4488166484380901,0.744718356493995,2.4042e+03 9.1443e+02 3.4344e+02 1.5419e+02 6.0124e+01 1.6706e+01 3.4517e+00 6.8823e-01 1.7251e-01 5.9758e-02 2.6158e-02 1.2213e-02 4.7037e-03 0.0000e+00,1.0347 1.0347 1.0347 1.0347 1.0347 1.0347 1.0347 1.0347 1.0347 1.0347 1.0347 1.0347 1.0347,
neural_const,56700.0,57300.0,57000.0,4313,0.7634694058525805,0.7032287689451782,1.7024397089738672,True,2.5004645343632874,1.5280051929315903,0.0138979866215143,0.3720117832866692,118.25804412124276,1.1414415998017631e-20,-0.7873596254729875,0.4310713745584232,169.25628179998603,1.5468429578761147,1.5536573594155088,4275,20,0.6330114419993071,0.0701356293507075,0.5397853247563893,0.7365780411336031,1.8710e+03 9.6140e+02 3.9196e+02 2.0744e+02 6.8087e+01 1.7330e+01 5.3960e+00 8.7347e-01 2.2367e-01 6.5835e-02 2.0980e-02 7.3552e-03 2.3508e-03 0.0000e+00,1.7024 1.7024 1.7024 1.7024 1.7024 1.7024 1.7024 1.7024 1.7024 1.7024 1.7024 1.7024 1.7024,
neural_const,57000.0,57600.0,57300.0,6265,0.9737169259841911,0.8317411189977794,0.5258881471395445,True,2.7955016304149867,1.4496974183009648,0.013156202822548618,0.22631016138312865,117.15802186740488,1.9070886926685803e-20,-0.20569460231316938,0.837029475135433,323.73585920000914,5.80796424665583,1.8793579923592347,906,2,0.9491002938491458,0.01020047559336034,0.9422481096589226,0.9559524780393691,2.0724e+03 1.0025e+03 4.3168e+02 1.7400e+02 6.3493e+01 1.9495e+01 4.9699e+00 1.1617e+00 2.9638e-01 9.3559e-02 3.6204e-02 1.5256e-02 5.5029e-03 0.0000e+00,0.5259 0.5259 0.5259 0.5259 0.5259 0.5259 0.5259 0.5259 0.5259 0.5259 0.5259 0.5259 0.5259,1.0
neural_mlp,34200.0,34800.0,34500.0,2800,0.552544222066451,0.5520712601209177,2.085562820957492,True,1.4737499812836259,0.9333049403364768,0.018514819391618142,0.28883437394522715,8.604739777019208,0.5699800833964873,0.6505001072004459,0.515369232519789,130.6763286999776,1.1839520283939393,1.1795049019467034,2441,5,0.4996840905997081,0.056803344728828,0.43813906442502853,0.5535647902097632,1.0006e+03 5.9571e+02 2.8483e+02 1.3702e+02 5.4267e+01 1.3991e+01 6.1656e+00 5.0706e-01 2.7216e-01 9.9269e-02 1.2207e-02 4.5164e-04 1.7775e-05 0.0000e+00,6.6077 2.1182 2.2395 2.2536 2.1861 2.0880 1.9954 1.9219 1.8677 1.8292 1.8023 1.7838 1.7712,0.0
neural_mlp,34500.0,35100.0,34800.0,2415,0.7226166426954135,0.6343154041601649,1.1029212643473452,True,1.3900147694378289,0.9974898585673019,0.015561429206164767,0.5968124821978886,14.249421272372654,0.16191571097442864,1.2439449608086655,0.21351982033350292,102.39729309998802,1.1143287173763559,1.113534428429128,2317,7,0.3852064681303699,0.04165622417186096,0.34515431582525175,0.4586357799343708,1.2604e+03 7.2947e+02 2.8661e+02 1.1935e+02 4.8876e+01 1.4061e+01 5.1986e+00 1.2588e+00 2.6383e-01 6.9522e-02 2.4396e-02 9.7921e-03 3.4315e-03 0.0000e+00,1.8572 1.2737 1.0431 1.0173 1.0382 1.0630 1.0811 1.0896 1.0879 1.0766 1.0568 1.0305 0.9999,0.0
neural_mlp,34800.0,35400.0,35100.0,2441,0.5364089932312897,0.5331530088989808,1.9007369944420802,True,1.600456526726761,1.1972231115499472,0.02027184197004439,0.26475530276355286,20.66031325315555,0.023590776625031035,2.8203768091180668,0.004796728714384102,107.61543139998685,1.3562556631002893,1.2983554187653037,3575,7,0.4527940281313231,0.04188216582397293,0.400454057899787,0.504443236426563,1.4670e+03 8.0404e+02 3.4791e+02 1.3916e+02 5.1524e+01 1.4495e+01 4.1169e+00 1.1649e+00 2.5547e-01 3.8935e-02 5.1184e-03 7.8097e-04 1.3121e-04 0.0000e+00,2.7171 1.3950 1.4175 2.2543 2.2326 2.0005 1.8356 1.7357 1.6662 1.5937 1.6380 2.8423 1.8466,0.0
neural_mlp,35100.0,35700.0,35400.0,2317,0.487694830483387,0.48547504148234677,1.9777002067515603,True,1.4794483315680453,1.1283494623518155,0.024953789865469256,0.10977401848272139,21.004084257578413,0.02106510377657274,2.437384578083747,0.014793936259569691,96.86456180000096,1.5056684042812385,1.27836211406018,5373,8,0.4407562518974001,0.011472119515530416,0.4263170754696909,0.45698810032977955,9.9044e+02 6.2729e+02 3.3381e+02 1.4602e+02 5.3429e+01 1.6436e+01 4.1898e+00 8.7944e-01 1.5521e-01 2.4350e-02 3.6933e-03 5.8335e-04 8.9892e-05 0.0000e+00,1.9374 1.8687 1.7768 1.6857 1.8374 3.4172 1.9148 1.8690 1.8968 1.9219 1.9355 1.9398 1.9392,0.0
neural_mlp,35400.0,36000.0,35700.0,3575,0.5805463566072635,0.578643360098425,2.500429374510902,True,2.1229180584678433,1.3381272585558814,0.019200509626540074,0.141426454499057,24.290714745618963,0.006865025440637302,2.526060507510236,0.011534961253198276,205.84678779999376,1.3809378189050945,1.2979842394759324,5736,3,0.5016609378755112,0.03785410725581982,0.4734589545248521,0.5416598966617354,1.3334e+03 8.9477e+02 4.6961e+02 1.8146e+02 6.7849e+01 1.4922e+01 4.4827e+00 9.0525e-01 2.6385e-01 4.7375e-02 5.9253e-03 6.6509e-04 7.6679e-05 0.0000e+00,1.7251 1.7605 1.8025 1.8465 1.8834 1.8614 3.0301 5.2911 4.4082 1.3369 2.7632 2.4249 2.3283,0.0
neural_mlp,35700.0,36300.0,36000.0,5373,0.6657402634432887,0.6598244025916133,3.0210794060284285,True,2.5229990657911325,1.3307870302784575,0.017055737067251893,0.08678077752500313,10.88360521953376,0.36665790950497407,3.0618363956539056,0.002199836527564837,255.96971720000147,1.322146616360101,1.3089594202753365,4495,3,0.466064792410352,0.011157180746691395,0.4566710437538966,0.4774985874008451,1.8029e+03 1.1845e+03 5.8443e+02 2.0056e+02 5.7480e+01 1.5712e+01 4.7214e+00 9.4685e-01 3.0329e-01 7.0526e-02 1.2365e-02 1.8335e-03 2.4001e-04 0.0000e+00,3.8725 4.1593 4.2028 1.2196 2.0892 2.3205 1.9259 3.8829 3.4931 3.3230 3.2857 3.2779 3.2780,0.0
neural_mlp,36000.0,36600.0,36300.0,5736,0.7924232142342361,0.753858434071213,2.008662851116923,True,2.5770503430177523,1.3194626159544423,0.019729671664902027,0.022690460340353102,9.78673650347822,0.4593987901387282,2.260360559524936,0.023798882235032206,274.9650525000179,1.3762820050611402,1.27272688785891,3717,3,0.5877997764625996,0.08905713792332395,0.5216826144327341,0.6819518750538051,2.0433e+03 1.3265e+03 5.9569e+02 1.9833e+02 4.8945e+01 1.4221e+01 5.4963e+00 8.7720e-01 3.0760e-01 9.5258e-02 3.0202e-02 8.1522e-03 1.5733e-03 0.0000e+00,0.4096 1.7366 2.2426 2.3047 2.3059 2.3200 2.4062 2.9458 2.0963 1.4516 1.6227 1.7602 1.8458,0.0
neural_mlp,36300.0,36900.0,36600.0,4495,0.7477064993176452,0.712073512654306,1.8527612624954826,True,2.3325792423328746,1.3187879506433007,0.023388120478790242,0.014402268764423989,4.492419797736587,0.9224118500830649,1.8609947423953959,0.06274491916475322,206.08628220000537,1.5103472616208087,1.501299060728605,3857,3,0.5224632643239566,0.017049568362097076,0.5124669986272842,0.5406814769057414,1.8438e+03 1.1349e+03 5.2173e+02 1.9077e+02 4.7838e+01 1.4268e+01 5.4626e+00 8.6477e-01 2.5646e-01 8.8280e-02 2.8805e-02 7.6508e-03 1.4575e-03 0.0000e+00,2.8319 2.8326 2.2279 1.9068 1.8036 1.7639 1.7287 1.6886 1.6429 1.5901 1.5228 1.4197 1.2867,0.0
neural_mlp,36600.0,37200.0,36900.0,3717,0.6536299677263163,0.6400478921338746,2.102825033384376,True,2.107452025182726,1.2837095101016205,0.018221696591506242,0.16730543336223103,4.943784634988645,0.8949014560131691,1.1794481455094665,0.23821977338932743,209.97868289999315,1.5056644007290227,1.506517355736043,3500,3,0.5134555766880703,0.005481267051287726,0.5078481428887776,0.5180912420195067,1.7644e+03 1.1429e+03 5.1386e+02 1.7359e+02 4.7087e+01 1.4573e+01 5.1904e+00 9.8154e-01 1.7468e-01 8.2713e-02 2.3387e-02 3.6579e-03 5.4328e-04 0.0000e+00,2.7865 2.2340 1.8874 1.8092 1.8184 1.9178 3.1931 2.1234 2.3118 2.0417 1.8032 1.6768 1.6022,0.0
neural_mlp,36900.0,37500.0,37200.0,3857,0.7131143121909157,0.6993528052957062,1.8329808169844939,True,2.3742474032722574,1.5135321002801758,0.02243903441671513,0.04051384886374676,11.410443888639492,0.3264469043247207,1.7665503741208382,0.07730355820965741,205.89880029999767,1.239409580472042,1.2164029194628254,3131,3,0.5348011264713695,0.03207576771877993,0.5057086937804712,0.5664512020428808,2.2353e+03 1.4157e+03 5.9420e+02 1.3735e+02 5.8316e+01 1.5505e+01 5.2163e+00 7.9864e-01 2.5586e-01 9.3468e-02 2.5449e-02 4.6558e-03 5.6268e-04 0.0000e+00,6.2166 2.0719 1.9467 1.8380 1.7417 1.6696 1.6175 1.5777 1.5447 1.5150 1.4864 1.4580 1.4292,0.0
neural_mlp,37200.0,37800.0,37500.0,3500,0.7006280904361847,0.6941167622619324,1.7374617774339551,True,2.273461533377629,1.5098729411162706,0.025973762785557963,0.017474116339285962,26.531095777709886,0.003087876696346899,1.6846431900832923,0.09205743318735103,178.78718059998937,1.2227893283739788,1.1379090385152684,2371,3,0.5849875048086012,0.05419665869249545,0.5528971281063673,0.6429116559956713,1.9494e+03 1.2426e+03 5.4861e+02 1.6012e+02 6.3242e+01 1.7029e+01 5.2018e+00 8.8836e-01 1.9513e-01 8.5506e-02 2.6273e-02 3.7834e-03 2.5671e-04 0.0000e+00,1.7402 1.7132 1.6928 1.6801 1.6756 1.6795 1.6919 1.7125 1.7406 1.7752 1.8149 1.8580 1.9023,0.0
neural_mlp,37500.0,38100.0,37800.0,3131,0.6497165569292621,0.6194821387362982,1.8067242747734769,True,1.8807205261990398,1.2285424600887804,0.020594123248795226,0.13851129591617994,18.603190319257752,0.045602029150532866,0.22420089661998246,0.8226009858289272,165.40514889999758,1.1925303558500089,1.1508939390035888,2334,4,0.46933514491133443,0.017733463116344012,0.45163861043528286,0.4853286869359283,1.4776e+03 9.1216e+02 4.3457e+02 1.6357e+02 5.3152e+01 1.7417e+01 4.8720e+00 6.6902e-01 1.7805e-01 6.3721e-02 2.0837e-02 5.7663e-03 1.2270e-03 0.0000e+00,2.1485 1.9811 1.8086 1.6377 1.4814 1.6477 2.2175 2.1501 2.0174 1.8335 1.6241 1.4877 1.4323,0.0
neural_mlp,37800.0,38400.0,38100.0,2371,0.6538409795353446,0.6126760592531885,1.3614701824898394,True,1.5319372962101734,1.1577998653609143,0.016423877268609777,0.5390694408994141,12.270164445957805,0.2673822622151443,-0.6036023626764218,0.5461080416280755,105.40027670000563,1.2095621533834784,1.192444046345909,2876,8,0.4692493854700992,0.06467019235424848,0.4172559269368652,0.5833015243694897,1.4564e+03 9.0942e+02 4.3195e+02 1.5412e+02 4.7038e+01 1.3285e+01 4.6081e+00 5.6042e-01 1.7659e-01 6.4731e-02 3.0889e-02 9.7951e-03 1.7136e-03 0.0000e+00,1.8997 1.8068 1.6867 1.5400 1.3984 1.3803 1.4456 1.3425 1.1993 1.0955 1.0292 0.9876 0.9611,0.0
neural_mlp,38100.0,38700.0,38400.0,2334,0.6231183325858127,0.6053748530440703,1.4728092615549389,True,1.523860165640553,1.165451008010198,0.018262822537951418,0.41272500740921436,8.663650753151076,0.5642938131153329,-0.07360113579334329,0.9413277673599197,87.3866665000096,1.485246930012678,1.4666459699240608,2850,8,0.4958994140344848,0.0524652149665562,0.448462160162003,0.5832816464067822,1.4562e+03 9.0836e+02 4.1210e+02 1.3626e+02 5.1511e+01 1.0559e+01 5.0115e+00 1.0696e+00 2.1772e-01 7.9550e-02 2.2782e-02 4.7364e-03 7.2392e-04 0.0000e+00,1.8148 1.5351 1.2789 1.1957 1.3242 0.7066 1.3975 1.9283 1.8794 1.6763 1.5648 1.4948 1.4462,0.0
neural_mlp,38400.0,39000.0,38700.0,2876,0.7400109287873228,0.6857203651020901,1.2497108436780675,True,1.7790497556479041,1.2118236920231134,0.018942668307490584,0.2502198978611979,11.706993776960607,0.3051448495277628,0.4661827669625348,0.6410846834794888,136.48370400001295,1.6258618682677228,1.6232359505260423,2530,5,0.5899839871481412,0.08514402788549504,0.5134502996320467,0.7080916737972816,1.6692e+03 1.0059e+03 3.9695e+02 1.3180e+02 4.6300e+01 1.3398e+01 5.9311e+00 1.4743e+00 3.0393e-01 7.7723e-02 2.3750e-02 7.7457e-03 2.1612e-03 0.0000e+00,1.2188 1.2985 1.3508 1.3342 1.2780 1.2417 1.2274 1.2165 1.2017 1.1897 1.1936 1.2203 1.2651,0.0
neural_mlp,38700.0,39300.0,39000.0,2850,0.6780799605283362,0.6734738491593518,1.5445490739867087,True,2.0390878848099727,1.480943266763423,0.014050264385888744,0.6218237465378091,25.2897222815177,0.004822570938216648,0.11683951182554425,0.9069872322592089,141.7214572999801,1.6421984008920274,1.6340432251831627,2443,5,0.6176812146067182,0.040374889966628594,0.5584413866756338,0.6559311442172324,1.6533e+03 1.0624e+03 5.0434e+02 1.6364e+02 4.7249e+01 1.5818e+01 6.4604e+00 9.7131e-01 2.5790e-01 7.8580e-02 2.2694e-02 3.3151e-03 1.7688e-04 0.0000e+00,1.9882 1.9507 1.6905 1.2509 1.1477 2.7813 1.7215 1.5746 1.4688 1.3523 1.2329 1.1205 1.0228,0.0
neural_mlp,39000.0,39600.0,39300.0,2530,0.7028140998880827,0.7004577951623324,1.251632250193297,True,2.077602198706091,1.6385572722006714,0.014050876879332375,0.694483267285648,33.56616407684638,0.00021868744398538257,-0.6292804877162473,0.5291654432919347,108.24507390000508,1.6045320910612915,1.604270700768299,2624,7,0.6426727929265554,0.0516746500817093,0.5789411461293763,0.7250697042648095,1.6188e+03 1.0625e+03 5.3439e+02 1.8105e+02 5.0999e+01 1.7028e+01 6.1841e+00 8.7985e-01 1.9134e-01 7.4663e-02 3.2141e-02 4.7653e-03 6.2577e-05 0.0000e+00,1.8197 1.3258 1.2945 1.6216 1.0055 1.0016 1.1826 1.2793 1.3053 1.2796 1.2139 1.1166 0.9977,0.0
neural_mlp,39300.0,39900.0,39600.0,2443,0.6713091082010707,0.6606981810588737,1.3406844264654558,True,2.0437305169818867,1.6396781009402928,0.0093019236657928,0.9828253833716257,21.324787697012773,0.018939248531469697,-0.372225071022006,0.7097252810914472,87.94298210000852,1.6168642684221268,1.6167450505815475,2548,7,0.57513774128954,0.06690756825207651,0.5242686843349317,0.6740936092173435,1.9426e+03 1.1906e+03 4.8105e+02 1.5055e+02 6.0634e+01 1.6741e+01 6.6314e+00 8.3142e-01 1.7059e-01 6.3496e-02 1.8612e-02 3.6254e-03 4.3555e-04 0.0000e+00,1.3835 1.3855 1.3844 1.3720 1.3385 1.2837 1.2065 1.0837 1.0560 1.4923 1.4762 1.4932 1.5196,0.0
neural_mlp,39600.0,40200.0,39900.0,2624,0.6346349684500887,0.6314150804832934,1.5880602817177343,True,2.0939231113150854,1.6183976164672524,0.021769428633610532,0.1638118337015858,20.88526743604926,0.021907962481039364,0.13480919483481374,0.8927627357789101,110.99930359999416,1.6677073664225694,1.6198981522443503,1914,6,0.5746062350000692,0.039810743151307074,0.5202182519245844,0.6169200920430662,2.3241e+03 1.3119e+03 4.4396e+02 1.4799e+02 6.2598e+01 1.5293e+01 5.8072e+00 6.5140e-01 1.8404e-01 6.7976e-02 1.6372e-02 2.0667e-03 1.2615e-04 0.0000e+00,1.4334 1.1833 1.2504 1.4727 1.5171 1.5784 1.7440 1.8467 0.8356 2.1849 1.7061 1.7704 1.9588,0.0
neural_mlp,39900.0,40500.0,40200.0,2548,0.6981926616529991,0.6396395705793314,1.292067340377639,True,2.0761268019524812,1.6299924404765735,0.015917161465446916,0.5332167144556543,40.986158244724145,1.1348016247195276e-05,0.5426672060050263,0.5873589573228502,102.29084620001959,1.4217030067797312,1.275369008812889,1531,6,0.5305148065141797,0.04491582843270361,0.4688830631811759,0.5819407622984158,1.9603e+03 9.8656e+02 4.9480e+02 1.6280e+02 4.9645e+01 1.6671e+01 4.6252e+00 9.8966e-01 1.8826e-01 4.3086e-02 1.4048e-02 5.8053e-03 2.2350e-03 0.0000e+00,1.2827 1.3407 1.4074 1.4611 1.4712 1.4059 1.2494 2.4413 0.8451 1.1067 1.1096 1.0884 1.0736,0.0
neural_mlp,40200.0,40800.0,40500.0,1914,0.5047026583101821,0.5037586223006253,1.554316618092697,True,1.8028054476848137,1.6427845308880604,0.012714690575507434,0.9124142845275257,49.36042444215366,3.498233454184418e-07,-0.6162312090727444,0.5377419332706461,63.829784900008235,1.3847883363283522,1.36444934994901,1551,12,0.46566756486560096,0.021035660575019557,0.43503977352727774,0.4977170673419951,2.2594e+03 9.9814e+02 4.9357e+02 1.2248e+02 4.7762e+01 1.5994e+01 3.9346e+00 7.2798e-01 1.0786e-01 1.4098e-02 1.8317e-03 2.6066e-04 3.8173e-05 0.0000e+00,1.1605 3.4779 1.3894 1.6367 1.5856 1.4976 1.4295 1.3841 1.3549 1.3361 1.3237 1.3151 1.3089,0.0
neural_mlp,40500.0,41100.0,40800.0,1531,0.49805783723056757,0.48847655197794837,1.2827596164032398,True,1.232020775750902,1.2952740353093646,0.015921043953005087,0.8264204104202761,14.444648887659719,0.15365856566933925,-0.5403048009765852,0.5889868480053525,46.42992430002778,1.342411395809452,1.3267093044708116,1858,19,0.40844692995177345,0.041388371599796484,0.3464579958710183,0.48636287302268755,2.0148e+03 7.7175e+02 3.4286e+02 1.2248e+02 4.8287e+01 1.3486e+01 2.9668e+00 6.6028e-01 1.5977e-01 4.0013e-02 9.7241e-03 2.1675e-03 3.9077e-04 0.0000e+00,1.5739 1.2518 0.9202 1.1860 1.4016 1.3049 1.2453 1.2210 1.2153 1.2288 1.3453 1.5404 1.5292,0.0
neural_mlp,40800.0,41400.0,41100.0,1551,0.5288516558724807,0.5207181504724487,1.2209522909677148,True,1.3328535605035972,1.383128052543205,0.019576262094982977,0.5850408591820194,11.864875176273225,0.29420172531728905,-0.7040475468015523,0.4814031640148262,45.75211840000702,1.1913226039846363,1.1865219900397943,1745,18,0.40895009782029684,0.07902362889993828,0.3133409560110159,0.5277827174476838,1.6542e+03 8.7700e+02 3.9612e+02 1.2878e+02 4.0860e+01 1.2881e+01 3.6208e+00 9.0341e-01 2.0690e-01 4.4875e-02 9.4006e-03 1.8978e-03 3.3085e-04 0.0000e+00,1.2771 1.2257 1.1621 1.1288 1.3038 1.6204 1.6313 1.5145 1.0625 0.7727 0.9783 1.0804 1.0643,0.0
neural_mlp,41100.0,41700.0,41400.0,1858,0.593360321882287,0.5701494516253117,1.2598519377218174,True,1.4885614089306436,1.358235144773006,0.01827536538335206,0.5578960645262074,17.078655408748524,0.07264155398505222,-0.40916666607709506,0.6824173551200237,56.11894849999226,1.2732185673461314,1.1987993960139087,1263,13,0.4546120548928735,0.06496653087410492,0.33584244484715564,0.5511330029682503,1.5649e+03 9.2847e+02 4.3954e+02 9.6673e+01 4.0797e+01 1.4947e+01 4.0611e+00 9.6363e-01 2.3005e-01 5.7884e-02 1.5291e-02 4.0737e-03 9.3455e-04 0.0000e+00,2.2304 1.3074 0.8670 0.7255 0.8295 0.9116 1.4643 1.9773 1.9859 1.3056 1.1225 1.1005 1.0896,0.0
neural_mlp,41400.0,42000.0,41700.0,1745,0.595805272614972,0.5888396413163596,1.166225025862118,True,1.2779562209954696,1.2103760415750884,0.031307515800164165,0.06400257670073595,17.78001592168578,0.05878979379313976,0.2731755377966255,0.7847182830856498,53.67710909998277,1.6068404098626927,1.59316116734993,1390,14,0.4854489687471881,0.059702392443215846,0.3995372352474781,0.5758648185524171,1.4580e+03 7.8606e+02 3.5593e+02 1.1341e+02 4.5424e+01 1.3369e+01 4.1728e+00 6.7229e-01 2.1852e-01 9.6933e-02 3.1625e-02 5.2050e-03 2.6490e-04 0.0000e+00,1.8512 1.8493 1.8011 1.2724 0.9981 0.9781 0.9657 0.9540 0.9461 0.9421 0.9412 0.9424 0.9451,0.0
neural_mlp,41700.0,42300.0,42000.0,1263,0.5032019332513301,0.4948787344785114,1.058208981045441,True,0.9606938031094301,1.2163783359750855,0.021278355738276522,0.6089529129496081,8.282752445934973,0.6012393003233683,-0.2338628114983086,0.8150914847993396,32.47812739998335,1.5136127981326228,1.5071888464041705,1429,20,0.41326768396363056,0.061103824339998836,0.32644438537731996,0.5164213022559706,1.8682e+03 6.6057e+02 3.2367e+02 9.1288e+01 3.8416e+01 1.2162e+01 3.1190e+00 4.8415e-01 1.5602e-01 6.6573e-02 2.1493e-02 3.9067e-03 3.3640e-04 0.0000e+00,2.8427 0.9207 0.9698 1.0180 1.0508 1.0695 1.0767 1.0749 1.0662 1.0528 1.0366 1.0194 1.0026,0.0
neural_mlp,42000.0,42600.0,42300.0,1390,0.6086831757573042,0.5554616566128191,0.9030872926913132,True,1.4507707788780546,1.6106414079694633,0.022333034614835878,0.48517383975780815,17.118960816037752,0.0717727773709442,0.11231277924439106,0.910575409542114,37.67894240000169,1.2631533760757865,1.2562949196187294,1237,20,0.5279747654916783,0.06681522872473349,0.4449894027198891,0.6529682209998333,2.3026e+03 1.0161e+03 3.4006e+02 1.0045e+02 4.5615e+01 1.6765e+01 4.3255e+00 7.7152e-01 1.2884e-01 3.2446e-02 1.2270e-02 5.3968e-03 2.0496e-03 0.0000e+00,1.0678 1.0464 1.0236 1.0005 0.9775 0.9551 0.9326 0.9066 0.8534 0.7704 0.7410 0.7332 0.7288,0.0
neural_mlp,42300.0,42900.0,42600.0,1429,0.5888572643709995,0.5849646625707117,0.9813720993496543,True,1.4051644148005753,1.5373638920868542,0.029163718126336224,0.17242161953156898,18.673520841128674,0.04461085090654727,0.8672974537845962,0.3857790514413135,41.766990300006,1.579103577326155,1.5788237876000812,1393,20,0.5288650630511017,0.0575864063208185,0.44185770740134833,0.6333956545368518,2.2504e+03 1.1349e+03 3.5353e+02 1.0467e+02 5.0421e+01 1.1717e+01 5.6407e+00 8.8538e-01 1.7163e-01 7.1904e-02 1.8254e-02 2.3505e-03 1.5316e-04 0.0000e+00,1.0239 0.9709 0.9192 0.8655 0.8053 0.7269 1.4963 1.2400 1.0035 0.9598 0.9574 0.9642 0.9726,0.0
neural_mlp,42600.0,43200.0,42900.0,1237,0.48742661341189075,0.4773873473090768,1.0550104454787843,True,1.0057779290598516,1.2822632118835104,0.01984249134264565,0.7069819979066482,13.026203880030355,0.22221041818435178,-0.5009708959923747,0.6163916058381305,43.92479379998986,1.9363699669441223,1.8516325403935139,1934,20,0.4054139401999489,0.03449456711196957,0.36348896851237567,0.4851507139415699,1.9055e+03 8.8477e+02 3.6114e+02 8.2223e+01 2.9949e+01 9.7051e+00 4.6476e+00 6.4614e-01 1.7436e-01 5.2475e-02 1.0975e-02 2.1117e-03 4.0295e-04 0.0000e+00,1.9749 1.3306 1.0841 1.0096 0.9944 1.0031 1.0240 0.9932 0.7781 0.7922 1.0454 1.1219 1.1442,0.0
neural_mlp,42900.0,43500.0,43200.0,1393,0.5474938203060294,0.5282045867381994,1.05442182770852,True,1.4406429808756365,1.5983576623119768,0.017296746578470856,0.7920700654631512,12.249715881885741,0.2686915733009917,0.45751233124925306,0.6473028410270241,42.77269499999238,1.6399434058790474,1.608811953929301,1833,20,0.43690197666140873,0.043290728758151965,0.3525907858419051,0.5045949599387419,2.2836e+03 9.2177e+02 4.5463e+02 1.2070e+02 3.7883e+01 1.2398e+01 3.5617e+00 8.6017e-01 1.8074e-01 3.8804e-02 9.7123e-03 2.8123e-03 7.6391e-04 0.0000e+00,1.5430 0.8269 0.7678 0.8354 0.9954 1.1570 1.2789 1.5293 0.9107 0.9254 1.0050 1.0717 1.1255,0.0
neural_mlp,43200.0,43800.0,43500.0,1934,0.687575802697492,0.651494196760768,1.0066007600719453,True,2.0785464613870417,1.9081304405899484,0.01918294793656372,0.46931385009629556,58.88839875823177,5.878721372194746e-09,1.040516195011991,0.2981001439239128,54.26698539999779,1.3671886295246443,1.265815100422322,1270,12,0.5354933391788349,0.08342559262578624,0.4328836347515449,0.6672666221048847,2.0915e+03 1.0874e+03 5.1520e+02 1.7491e+02 5.6863e+01 1.7399e+01 4.2859e+00 9.2531e-01 2.0429e-01 5.1546e-02 1.5239e-02 4.9458e-03 1.4268e-03 0.0000e+00,1.3100 1.2138 0.9596 0.8087 0.7289 1.0101 1.0357 1.7578 1.0031 0.9379 0.8900 0.8491 0.8214,0.0
neural_mlp,43500.0,44100.0,43800.0,1833,0.6607335109374904,0.6194126664923313,1.0345741771261072,True,1.7532676059586045,1.6364880133350457,0.02118874885433375,0.37767264712180215,65.29001804544382,3.567087022635223e-10,0.13210103995613792,0.8949043733562525,52.93805739999516,1.5286961361426863,1.3809063089357245,1086,13,0.5359802826102229,0.04383488854264512,0.470399065541544,0.6162147571045509,1.7306e+03 1.0236e+03 4.4821e+02 1.6500e+02 5.1671e+01 1.6597e+01 4.1411e+00 8.6167e-01 2.0011e-01 5.6206e-02 1.7967e-02 5.9182e-03 1.6454e-03 0.0000e+00,0.9523 1.3055 0.9478 0.8688 0.8961 0.8594 0.8034 0.8466 1.5723 1.0806 1.0906 1.1169 1.1324,0.0
neural_mlp,43800.0,44400.0,44100.0,1270,0.4288767175091985,0.4235290814305081,1.211253673075385,True,1.0526287796049392,1.3027862553684486,0.013065360905593848,0.9799011674937997,21.146469378102587,0.020095062260492607,0.12288541213714628,0.9021978374960041,30.870614499988733,1.1145360490608667,1.0636545686678305,849,20,0.3493961421643629,0.03949066547393838,0.29836383847743364,0.42061313289991725,1.7932e+03 9.0427e+02 3.8541e+02 1.3998e+02 3.8655e+01 1.0513e+01 2.7582e+00 6.1166e-01 1.1932e-01 2.2701e-02 4.6107e-03 1.0240e-03 2.1507e-04 0.0000e+00,0.9916 1.1562 1.8521 1.6108 1.1384 1.6709 1.5975 0.6488 0.8544 0.9404 1.0119 1.0971 1.1911,0.0
neural_mlp,44100.0,44700.0,44400.0,1086,0.4934896270469413,0.4796040508986095,0.9125210326031257,True,0.9911570067964888,1.3978301615187545,0.0202245800821359,0.7580569646822353,26.249507299660653,0.0034187150406721875,-0.9441387335782072,0.3450987581929422,30.43673809999018,1.4657955356404682,1.453478591869068,885,20,0.38364200734637294,0.056464881661891515,0.2917583196425449,0.5029202194886927,1.5442e+03 7.8105e+02 4.0748e+02 1.1791e+02 3.9832e+01 1.3028e+01 3.3622e+00 7.7562e-01 1.7196e-01 3.7921e-02 8.8229e-03 2.2583e-03 5.5260e-04 0.0000e+00,1.5272 0.5768 0.8892 0.8191 0.7402 1.1364 1.0575 0.9898 0.9544 0.9334 0.9186 0.9066 0.8961,0.0
neural_mlp,44400.0,45000.0,44700.0,849,0.42703813975364935,0.42249538431150707,0.8109376876851444,True,0.450914797471812,1.103785266376611,0.019237432900840234,0.9057229266501533,13.173295693002768,0.21414344772336041,-1.0205771394823067,0.3074548248868011,23.851109600014752,1.5301579399756486,1.5146331380628801,1021,20,0.4087809177043706,0.03175947061700474,0.3706322607525457,0.4814324564522291,8.8593e+02 5.0143e+02 2.6823e+02 1.0228e+02 3.3792e+01 1.2351e+01 3.9647e+00 9.7178e-01 1.8535e-01 3.1076e-02 5.2986e-03 9.9448e-04 1.8331e-04 0.0000e+00,1.1659 1.0145 0.8595 0.9371 1.3196 0.8519 0.7264 0.6717 0.6387 0.6181 0.6059 0.5995 0.5970,0.0
neural_mlp,44700.0,45300.0,45000.0,885,0.4500615489454677,0.4449150202899571,0.809874694659414,True,0.8627913199943043,1.4741333302025208,0.021838722032228697,0.7839511081653318,14.974216464735514,0.13300470900316363,-0.8979078361213941,0.3692346866607644,22.423490100016352,1.3536879787797447,1.3535947403449273,934,20,0.3967990194071841,0.03476652001025608,0.33719228818498087,0.4561613362335324,1.6725e+03 8.5193e+02 3.1210e+02 1.4768e+02 5.2230e+01 9.4424e+00 2.9026e+00 7.2434e-01 1.4161e-01 2.3652e-02 4.1777e-03 9.0785e-04 2.0543e-04 0.0000e+00,0.8632 0.7053 0.6200 0.5851 0.5907 0.6502 0.7572 0.7795 1.2452 1.1664 1.0236 0.8848 0.6736,0.0
neural_mlp,45000.0,45600.0,45300.0,1021,0.4900004701025619,0.48265008549892774,0.8309893145657758,True,1.074384944454642,1.5427767815061229,0.024531895711642826,0.5621021287358828,23.767600800950078,0.008241728695882083,-1.1584308395049585,0.24668826000004818,25.646069999987958,1.4164402957091073,1.412330457733542,1180,20,0.4180141336504368,0.025450241586251757,0.3767333426258782,0.4574397675843243,1.6045e+03 7.4783e+02 3.5235e+02 1.6578e+02 4.9460e+01 1.0178e+01 3.2237e+00 7.6365e-01 1.5531e-01 3.1986e-02 6.9341e-03 1.5314e-03 2.9786e-04 0.0000e+00,0.8392 0.8687 0.9783 1.0489 1.0011 0.8625 0.6381 0.6305 0.7059 0.7917 0.8239 0.8107 0.7825,0.0
neural_mlp,45300.0,45900.0,45600.0,934,0.39008742849767203,0.3900873341648536,0.9468810497388075,True,0.8173855211014686,1.3748387380887723,0.033826231597391065,0.23030249712233186,9.192190200002178,0.5139664639473036,0.18992355458219143,0.849369034507725,25.659535699989647,1.3398573524184128,1.2996081481228126,1345,20,0.38571490735902997,0.01689551104349476,0.36265595189217803,0.420863799865909,1.4826e+03 7.5575e+02 4.4891e+02 1.1255e+02 4.2282e+01 7.2492e+00 3.6309e+00 8.1182e-01 2.6370e-02 1.4327e-04 1.0985e-06 3.8547e-08 3.7501e-09 0.0000e+00,0.7494 0.7771 0.8243 0.8816 0.9259 0.9506 0.9715 1.0131 1.2959 0.8564 0.8427 0.8873 0.9066,0.0
neural_mlp,45600.0,46200.0,45900.0,1180,0.436878960488753,0.4368547253179037,1.1254990002341019,True,1.1052523208995582,1.428912258655994,0.028396239621638286,0.2917455261561912,14.245984054540687,0.16206429629029986,1.364761959005759,0.17232787871989586,29.47407219998422,1.3089972862234598,1.3087125141251823,1219,20,0.4246278899681548,0.02077282817921322,0.38157441346276344,0.45715922171200973,1.5167e+03 8.7527e+02 4.5801e+02 1.3795e+02 5.2187e+01 1.1817e+01 3.6806e+00 6.9353e-01 5.6348e-02 2.6355e-03 1.2976e-04 9.5680e-06 9.7205e-07 0.0000e+00,1.0208 1.0358 1.2921 0.7714 0.9236 0.9399 0.9113 0.9443 1.2329 1.5063 1.4382 1.2020 0.6698,0.0
neural_mlp,45900.0,46500.0,46200.0,1345,0.4564360177942773,0.45627348973708226,1.2228788824982657,True,1.149796613204183,1.34257697638439,0.025090267522212273,0.3595622493199859,10.749339965856242,0.37737735274983836,1.5118409676997075,0.13057432457889823,24.49519999997574,1.5833203262586126,1.572951217436419,1107,20,0.4311103873227524,0.018354758604371788,0.40338405268656075,0.4566274213723446,1.1194e+03 7.0382e+02 3.8676e+02 1.4415e+02 6.0859e+01 1.3897e+01 4.5111e+00 8.1059e-01 8.8562e-02 7.1872e-03 5.6732e-04 5.5462e-05 6.5458e-06 0.0000e+00,1.0086 1.0056 1.0849 1.4642 1.2451 1.2630 1.2130 1.1366 1.0668 1.0674 1.2666 1.6200 2.1726,0.0
neural_mlp,46200.0,46800.0,46500.0,1219,0.4242084546772686,0.4242009230253059,1.1744777301551421,True,1.0615064585049199,1.3526499842397948,0.015168309156360693,0.9377341981060473,5.9224549804469655,0.8217355991350603,0.23235772660301615,0.8162601797094451,25.499193299998296,1.2672373972346056,1.2653777540359312,1144,20,0.41391464775975273,0.021830644726451857,0.37147880422611146,0.448849454569301,1.6751e+03 9.8689e+02 3.9768e+02 1.1555e+02 4.1956e+01 1.2476e+01 4.3916e+00 7.8785e-01 6.3187e-02 2.9813e-03 1.1668e-04 5.1334e-06 2.9345e-07 0.0000e+00,3.7487 1.1053 1.1117 1.0769 0.9617 1.2607 3.6189 0.9167 1.0751 1.0585 0.7901 0.8372 0.8763,0.0
neural_mlp,46500.0,47100.0,46800.0,1107,0.4881502880069481,0.46793513485187993,0.9382721998448966,True,1.2425682514301146,1.6300889739376239,0.019531101911023363,0.7846086646594135,14.40954529729822,0.15511705241041654,-0.6747508775215808,0.49983405432306804,24.97422460000962,1.1362732405185993,1.1387732533124633,1172,20,0.44532840509882166,0.03927069009788505,0.4016169032274917,0.5317252924439702,2.6111e+03 1.4140e+03 4.7084e+02 9.2892e+01 3.8111e+01 1.2077e+01 3.5328e+00 6.0396e-01 8.9220e-02 1.7474e-02 5.4475e-03 2.1744e-03 7.8233e-04 0.0000e+00,4.1313 0.8164 0.8987 0.8977 0.8617 0.8413 0.8467 0.8694 0.9013 0.9406 0.9918 1.0207 0.1784,0.0
neural_mlp,46800.0,47400.0,47100.0,1144,0.4682797449012673,0.45071022831393037,1.0108619167690103,True,0.9269566702207485,1.2816001534971515,0.017528195170501748,0.8673231820505797,17.45895737601601,0.06480551979820078,-0.26284757526426145,0.7926680646388633,23.596878700016532,1.3466913904863393,1.3434369607905607,1003,20,0.3823920643708462,0.04427235667857881,0.3193021928059994,0.4646927371563993,2.0494e+03 1.0393e+03 3.5244e+02 8.3048e+01 3.6131e+01 1.3317e+01 3.3081e+00 6.4631e-01 1.2833e-01 3.0076e-02 8.4081e-03 2.5778e-03 6.9903e-04 0.0000e+00,0.9135 0.9015 0.8958 0.9047 0.9420 0.9769 0.5880 1.1346 1.1130 1.1142 1.1576 1.2254 1.2963,0.0
neural_mlp,47100.0,47700.0,47400.0,1172,0.4802700230971243,0.46831769514020266,1.015779177161667,True,0.8313490545142972,1.1618117395934857,0.02418266391387558,0.4919651441568397,10.124138159704941,0.4296706096720465,0.2282746440561535,0.8194327353101453,24.2314487999829,1.4615821798532351,1.4590462698114106,1010,20,0.3810299855495441,0.030474747444084436,0.329317359103759,0.4295044804123634,1.3215e+03 7.5451e+02 3.3908e+02 8.7895e+01 3.0601e+01 1.2626e+01 4.0475e+00 9.5263e-01 1.9042e-01 3.8761e-02 8.7471e-03 2.1460e-03 4.8052e-04 0.0000e+00,1.0674 1.0530 1.0484 1.0645 1.1271 1.2809 1.1584 0.7798 0.9288 0.9969 0.9649 0.8755 0.7625,0.0
neural_mlp,47400.0,48000.0,47700.0,1003,0.4654171997962245,0.46013018915569415,0.8989745240921518,True,0.8772598691818408,1.3634387364360518,0.02660094281692499,0.4688707250150643,9.41338079630186,0.49337218066385735,0.7445776344478997,0.4565270927327222,21.618150800000876,1.7682102842358036,1.7706211990664311,990,20,0.4135396298342314,0.027074134376533658,0.37011636360512307,0.46297584004290004,1.3214e+03 7.7409e+02 3.6835e+02 1.0919e+02 2.9422e+01 1.1408e+01 4.0129e+00 9.4844e-01 1.6464e-01 2.7554e-02 5.1491e-03 1.0748e-03 2.1323e-04 0.0000e+00,0.9818 0.9913 1.0005 1.0080 1.0120 1.0106 1.0056 1.0371 0.7043 0.6768 0.7237 0.7048 0.6832,0.0
neural_mlp,47700.0,48300.0,48000.0,1010,0.5107758233803992,0.46554232315239963,0.8144814227995805,True,1.0086636364375936,1.4878876818184348,0.02411609354240868,0.5909631340303257,10.408253394404854,0.40543478893392526,0.07688788246227604,0.9387127374041184,21.740330900007393,1.493779986103528,1.4652885712230028,782,20,0.41600118948693543,0.02864363209107577,0.36744025034115907,0.4677122825194271,1.9601e+03 8.6531e+02 2.7966e+02 1.2467e+02 5.1309e+01 1.3902e+01 3.9474e+00 4.2407e-01 5.7264e-02 1.7920e-02 8.5277e-03 4.2815e-03 1.7369e-03 0.0000e+00,1.9615 0.8650 0.6274 0.6054 0.7283 0.7390 0.7039 1.0611 0.6897 0.9340 0.8389 0.7706 0.7374,0.0
neural_mlp,48000.0,48600.0,48300.0,990,0.5767456094158707,0.5273055318045913,0.7019086192096107,True,1.3028551447866725,1.8020798568741834,0.019691195573541376,0.8298926966668448,30.52743152760436,0.0007019483295046582,-0.28866029424669915,0.772841350360482,21.349010899983114,1.3588362494580148,1.3592803811875034,956,20,0.4871139915743522,0.06363867816661355,0.4231622354002514,0.6231390293567549,2.7352e+03 1.1674e+03 3.6674e+02 1.3232e+02 4.8969e+01 1.2712e+01 4.6259e+00 2.8118e-01 8.8473e-02 3.1863e-02 1.1953e-02 5.0694e-03 1.9036e-03 0.0000e+00,0.8386 0.8446 0.8373 0.8190 0.7943 0.7522 0.6395 0.5350 0.5256 0.5586 0.6130 0.6912 0.8088,0.0
neural_mlp,48300.0,48900.0,48600.0,782,0.5568178936440026,0.47508535923557477,0.5757595055395774,True,0.7644647485239798,1.499539663194815,0.014323047315138754,0.9964976567264741,14.314887474205694,0.15910702859050405,-0.5217950730461481,0.6018130204812104,19.758026000024984,1.3854002507843075,1.37150521954003,936,20,0.4133174639652453,0.0679834366256293,0.3487526285246133,0.5677830857810415,2.5067e+03 1.2822e+03 4.6930e+02 7.3217e+01 2.6105e+01 8.5835e+00 2.7667e+00 6.4542e-01 1.1747e-01 3.2001e-02 1.3966e-02 7.1285e-03 3.0943e-03 0.0000e+00,0.5584 0.3570 0.5571 0.5640 0.5382 0.5439 0.5656 0.5925 0.6189 0.6423 0.6621 0.6788 0.6928,0.0
neural_mlp,48600.0,49200.0,48900.0,956,0.4907729577445407,0.4874040216230292,0.8175173685531523,True,0.8472412705811129,1.381413012745858,0.01701843270881248,0.9402029120543961,17.714279321671018,0.0599789010463653,-0.44365104111902837,0.6572948973690613,23.15491710000788,1.180086620921227,1.1602625271050677,777,20,0.425542527175277,0.06424287682152645,0.331355425198522,0.5200636972143182,1.9488e+03 1.0873e+03 3.9350e+02 1.1262e+02 4.5113e+01 1.0699e+01 3.2867e+00 4.2481e-01 2.2974e-01 7.7649e-02 1.2477e-02 1.2279e-03 1.3429e-04 0.0000e+00,2.1854 0.5469 0.6395 0.7539 0.8299 0.8638 0.9053 0.9196 0.8852 0.8447 0.8145 0.7979 0.7914,0.0
neural_mlp,48900.0,49500.0,49200.0,936,0.4634264613573263,0.4632484241110486,0.8357732983785275,True,0.8516784867033627,1.406992665441917,0.02905831941583842,0.4004865261100168,22.175991494338106,0.014232712516794963,-0.4231388555443945,0.6721939547258693,19.530967700004112,1.0869634505581958,1.028876529808038,658,20,0.43599519375757556,0.030717806390799303,0.3683672632414944,0.4720175022789582,1.6329e+03 8.6814e+02 3.7313e+02 1.3227e+02 4.2464e+01 1.2211e+01 3.0537e+00 5.0415e-01 2.3876e-01 5.6659e-02 3.7417e-03 1.2303e-04 6.9047e-06 0.0000e+00,1.6771 1.0099 0.8962 0.8353 0.8232 0.8878 1.0589 0.9397 0.6756 0.6948 0.6544 0.5894 0.5315,0.0
neural_mlp,49200.0,49800.0,49500.0,777,0.3605973184893647,0.3605037175690324,0.8267481481912997,True,0.4594323733806682,1.2009216782291674,0.020305261944475128,0.8992337912244672,5.619455441226985,0.8461579249691829,-0.48873854013781803,0.6250268147403336,21.28610789999948,0.8597862053495275,0.842619321308446,619,20,0.35074131787787427,0.029598672140639097,0.31149485673338073,0.4089758702569426,8.9089e+02 8.1550e+02 3.4128e+02 1.0848e+02 3.1952e+01 9.1055e+00 2.7878e+00 6.9204e-01 1.1033e-01 8.7336e-03 4.5153e-04 3.2553e-05 3.7432e-06 0.0000e+00,1.3975 0.9734 0.7882 0.7292 0.6686 0.5362 0.9879 1.0424 0.7496 0.8316 0.9363 0.7699 0.4604,0.0
neural_mlp,49500.0,50100.0,49800.0,658,0.317783292076607,0.3177761094838371,0.7424312486042355,True,0.15808610842104479,1.0658108323118738,0.023084818784134542,0.8662655304014977,18.73570332026583,0.043750943561879335,-0.2882830640829865,0.7731300700260669,20.521300799999153,1.273573178410469,1.2184381903875343,984,20,0.32360877800497223,0.031544593597316116,0.27510425744503963,0.38302442015762145,1.0930e+03 6.8555e+02 2.9415e+02 9.3075e+01 3.4579e+01 7.1865e+00 3.2394e+00 5.1910e-01 5.6313e-02 9.4504e-03 7.8548e-04 1.2976e-05 2.5258e-07 0.0000e+00,1.4054 1.0127 0.9195 0.8311 0.7628 0.7183 0.6894 0.6676 0.6472 0.6243 0.5966 0.5621 0.5197,0.0
neural_mlp,49800.0,50400.0,50100.0,619,0.3161386092876236,0.3161386007281766,0.7111316434955104,True,-0.06118966622033183,0.9076347163112185,0.019554548106177183,0.9682491154455108,11.652429571200514,0.30899127832550854,-0.10763838476457631,0.9142825472255494,19.290015599981416,1.5230972293627325,1.3956507968522598,1170,20,0.3172965427027861,0.02162674764128232,0.28392141613645944,0.3543089731391268,7.4455e+02 4.0304e+02 1.9713e+02 8.4683e+01 2.9982e+01 7.5473e+00 4.3325e+00 1.2924e+00 9.3418e-07 7.0467e-09 2.7655e-09 1.0984e-09 3.3929e-10 0.0000e+00,1.0892 0.3299 0.7523 0.7696 0.7517 0.5957 0.3673 0.7722 0.6599 0.6230 0.7732 1.1440 1.2731,0.0
neural_mlp,50100.0,50700.0,50400.0,984,0.4908002284310364,0.4795001367546593,0.8306011472122987,True,0.7924631718159544,1.2977669299798473,0.017991725260920743,0.9018255101400714,13.01287808283941,0.2229526803290745,-0.6357349626786457,0.5249491841417446,21.214617600024212,1.7340706142744795,1.7162606835497956,1197,20,0.4369703535431408,0.026244529435249353,0.40401486780303275,0.493584880254684,9.6101e+02 6.4012e+02 3.5401e+02 1.1698e+02 4.0649e+01 8.2857e+00 4.8332e+00 1.5421e+00 8.7820e-02 2.6973e-02 9.3898e-03 2.4419e-03 4.6110e-04 0.0000e+00,0.4097 0.6411 0.6479 0.5315 0.5726 1.0143 2.3732 1.5247 0.5852 0.6947 0.8236 0.9120 0.9578,0.0
neural_mlp,50400.0,51000.0,50700.0,1170,0.5053203464489127,0.5046500844073796,0.9269888043618121,True,1.1449384405512084,1.477109067975553,0.04185409931009432,0.03223438474697471,8.075955094533196,0.6214178264897734,-0.48080476800182803,0.6306552612002352,25.148418099997798,1.635442784176464,1.6130864902096522,1502,20,0.4824925156641247,0.031239568104695924,0.42422850070893564,0.5362432067542328,1.5015e+03 8.0485e+02 3.6912e+02 1.1173e+02 4.4069e+01 1.1501e+01 4.1937e+00 1.3289e+00 2.6241e-01 3.1493e-02 2.8190e-03 2.5715e-04 2.6913e-05 0.0000e+00,3.8434 1.3194 0.6055 0.6730 0.8052 0.9626 1.0376 1.0101 0.9203 0.8335 0.7746 0.7336 0.7023,0.0
neural_mlp,50700.0,51300.0,51000.0,1197,0.5591881770416585,0.5561164274692053,0.8819195475649348,True,1.4449896068426278,1.754345556500801,0.044559810502003305,0.01671812186970103,9.929067870734801,0.4467383348437741,0.5306603390176242,0.5956541744852999,21.906524799996987,1.414585572624351,1.399870216451838,1582,20,0.4218128961659839,0.07989418797461709,0.31377444797773746,0.5403503168001743,1.7818e+03 7.4882e+02 3.0719e+02 1.1959e+02 4.7384e+01 1.6658e+01 4.6603e+00 1.0531e+00 2.0399e-01 3.5553e-02 5.7841e-03 9.0031e-04 1.2499e-04 0.0000e+00,1.0047 1.0042 0.9766 0.8249 0.7001 0.7429 0.8562 0.9966 1.0108 0.9075 0.8388 0.8157 0.8133,0.0
neural_mlp,51000.0,51600.0,51300.0,1502,0.6277988201230592,0.5740310701978544,0.9381473821332984,True,1.579107849641906,1.6614846725339725,0.02384572769976767,0.35468652839132075,16.51607009193035,0.08578175421251408,-0.2819075342697248,0.778014412239777,32.57583250000607,1.4866318339004445,1.4706021729736365,1255,19,0.5011160824155606,0.054820287179244316,0.4424486934352219,0.6166987183874506,1.9609e+03 9.4988e+02 3.4356e+02 1.3048e+02 4.7015e+01 1.5204e+01 4.1484e+00 8.0560e-01 1.4254e-01 3.5802e-02 1.3225e-02 5.6626e-03 2.0819e-03 0.0000e+00,0.9421 0.8448 0.7638 0.7024 0.6640 0.6483 0.6519 0.6739 0.7331 0.9807 1.8053 1.9825 0.0580,0.0
neural_mlp,51300.0,51900.0,51600.0,1582,0.6521717524019738,0.6071028431988142,0.9150455145554074,True,1.4081129152619007,1.4385974221504476,0.013430245160345688,0.9340840674862535,31.416652934037234,0.0005006034088928255,-0.5560415952063421,0.5781824199648895,32.15866950000054,1.6561353347080072,1.649284196782274,1345,17,0.4263634486169114,0.10272492657111734,0.29641474425066305,0.5959258728623024,2.1456e+03 9.3290e+02 4.1235e+02 9.3619e+01 3.9593e+01 1.2754e+01 3.4798e+00 9.2944e-01 2.6151e-01 7.8113e-02 2.4123e-02 7.2758e-03 1.8118e-03 0.0000e+00,0.9108 0.4887 0.6825 0.8532 1.3801 1.4523 1.1869 0.9906 0.8931 0.8290 0.7760 0.7298 0.6900,0.0
neural_mlp,51600.0,52200.0,51900.0,1255,0.6022293986031577,0.5413260298993324,0.8309465677384398,True,1.2317033351133029,1.493742138763565,0.020393514808558222,0.6657707073647103,21.961329378101023,0.01530281954344979,0.2948226270204366,0.7681293804400005,27.98902789998101,1.3492560812228944,1.3441619594753493,1400,20,0.4456463058531579,0.05302697998372901,0.3756763878835282,0.5583157403744077,2.4955e+03 7.5279e+02 3.7513e+02 1.2568e+02 2.7659e+01 1.3062e+01 4.0766e+00 5.1736e-01 1.1963e-01 4.6188e-02 1.9193e-02 7.5915e-03 2.4037e-03 0.0000e+00,1.1419 1.1085 1.0665 1.0142 0.9499 0.8730 0.7856 0.6960 0.6265 0.6356 0.8556 0.4958 0.4908,0.0
neural_mlp,51900.0,52500.0,52200.0,1345,0.48600519037515,0.4801510552272283,1.1531803521763666,True,1.5051119170557057,1.6978922802359127,0.02355881250921582,0.43764288512051164,27.67478870714067,0.002034725449054498,0.200021335536686,0.8414638949459099,27.324893099983456,1.3146880509465362,1.3167035881450924,1391,20,0.4512346850913274,0.022064878303291766,0.4062446317606268,0.48812897371688,1.7388e+03 7.4346e+02 4.2445e+02 1.8007e+02 5.0548e+01 1.2956e+01 4.9605e+00 3.4544e-01 5.4766e-02 1.2698e-02 3.3023e-03 9.5822e-04 2.3626e-04 0.0000e+00,1.5355 1.3271 0.9340 0.5266 1.5290 0.4962 0.7618 0.7862 1.0514 2.2150 1.1582 1.3804 1.3670,0.0
neural_mlp,52200.0,52800.0,52500.0,1400,0.41697970981121224,0.4169766663037006,1.3572635221674296,True,1.225756026978629,1.3784581665914255,0.02229569833405326,0.4827307942597371,54.305531665530474,4.256108316391271e-08,1.191335662985302,0.2335218388729352,28.173677499988116,1.569699610673874,1.5716738607695053,1363,20,0.41290004384602674,0.019097848919031,0.37993919007393995,0.4442223019841304,1.0119e+03 5.5437e+02 3.5780e+02 1.7967e+02 5.0546e+01 1.0281e+01 4.7988e+00 5.8263e-01 8.0432e-03 2.3303e-04 1.2952e-05 1.1000e-06 1.2244e-07 0.0000e+00,1.0965 0.7523 1.1512 2.1490 1.2648 1.4736 1.4454 1.4344 1.4320 1.4301 1.3997 1.2061 0.6633,0.0
neural_mlp,52500.0,53100.0,52800.0,1391,0.602407995181042,0.5625925081145949,0.9101223849977547,True,1.1916186984021124,1.350770161694816,0.02350101062723875,0.4195887041684918,37.802239516510355,4.1080460033257744e-05,-0.5395699826831793,0.5894936222799321,28.62445099998149,1.3587017028214006,1.3579312877288554,1302,20,0.4384949589292182,0.04166619732977603,0.3929311919464383,0.5336020792623547,1.1987e+03 6.4327e+02 3.0877e+02 1.6900e+02 6.6179e+01 1.0612e+01 3.7385e+00 6.0796e-01 1.5387e-01 6.4863e-02 2.3007e-02 6.7657e-03 1.5984e-03 0.0000e+00,1.2050 1.0073 0.8904 0.9447 1.0472 1.0539 0.9857 0.9306 0.8307 0.8128 0.8313 0.8604 0.8896,0.0
neural_mlp,52800.0,53400.0,53100.0,1363,0.6047779588016786,0.5569018455942963,0.9014948276424964,True,1.4311579284003317,1.610644151919946,0.016628987908651416,0.8390745731461844,19.044799830051574,0.03969733237934001,0.40134986779556375,0.688162553444291,36.43487319999258,1.2121964696291099,1.2138395232935781,1398,20,0.5673116983197646,0.06729895362841408,0.44082439578406685,0.6632919081494751,1.5283e+03 8.1891e+02 3.6247e+02 1.7057e+02 7.0004e+01 1.6363e+01 2.9856e+00 5.8177e-01 1.3379e-01 3.8095e-02 1.3410e-02 5.3078e-03 1.8568e-03 0.0000e+00,1.0844 1.0443 1.0072 0.9761 0.9533 0.9401 0.9360 0.9376 0.9322 0.8348 0.6082 0.6714 0.9188,0.0
neural_mlp,53100.0,53700.0,53400.0,1302,0.7199805564183261,0.6294429318987248,0.6134282382567606,True,1.1522975642789326,1.3775703967265645,0.014969477450319624,0.9280641012304878,18.662765556752866,0.044761140714591544,0.4365922745504232,0.6624070663170201,29.602449400001206,1.3490611087577082,1.3317687828881404,1594,20,0.497795914935457,0.11389828051845748,0.3717534796606243,0.71846665831184,1.7814e+03 6.8716e+02 3.4235e+02 1.3529e+02 4.8344e+01 1.4469e+01 3.1253e+00 6.5314e-01 2.0086e-01 7.8982e-02 3.2591e-02 1.2433e-02 3.6227e-03 0.0000e+00,0.6779 0.6017 0.5544 0.5248 0.5053 0.4937 0.4911 0.5011 0.5326 0.6061 0.7497 0.9366 1.0848,0.0
neural_mlp,53400.0,54000.0,53700.0,1398,0.4611778511795679,0.44094373379804574,1.2568725194204629,True,1.1130894244140845,1.2672211568364755,0.01700071360903299,0.8072580006313156,24.095042151955298,0.00735207707844203,0.36109434560401427,0.7180289200568658,33.845964300009655,1.3024044490196536,1.2987390570361372,1525,20,0.4079496140689244,0.030726520984425736,0.3579536439786381,0.4560394206006178,1.6379e+03 6.4299e+02 3.1163e+02 1.2862e+02 4.5366e+01 1.2266e+01 2.7532e+00 5.7099e-01 1.2091e-01 2.8943e-02 8.2694e-03 2.6843e-03 7.9625e-04 0.0000e+00,0.8279 0.8613 0.8991 0.9287 0.9200 5.7950 1.7392 1.4587 1.1685 0.8775 0.7645 1.0796 1.6910,0.0
neural_mlp,53700.0,54300.0,54000.0,1594,0.4565837339792509,0.4494681908706654,1.444491391494579,True,1.3275961874826987,1.3505239833486846,0.013377677372900076,0.9341685857216292,11.931826575050994,0.28964501581121915,0.3486091659444783,0.7273827455156097,40.107808300002944,1.5385861125097704,1.542974974586615,1467,17,0.37295595309624374,0.03161871523661027,0.32294290525120667,0.430276039768285,1.7203e+03 8.6435e+02 3.8792e+02 1.3985e+02 4.4395e+01 1.2482e+01 2.9405e+00 5.8896e-01 1.0981e-01 2.1431e-02 4.7587e-03 1.1968e-03 2.8435e-04 0.0000e+00,2.9729 1.5352 1.1897 0.9253 0.8213 1.1424 3.0229 1.1229 2.0073 2.1181 1.0722 1.1237 1.2169,0.0
neural_mlp,54000.0,54600.0,54300.0,1525,0.6617422459627337,0.56556034510856,0.8584188710972768,True,1.2618661043855712,1.3290460705602056,0.01964011439534652,0.5916367999881165,6.426499807978247,0.7782489131605019,0.8182992071458038,0.41318635873089504,34.93192299999646,1.655154352114347,1.6283020216844906,1942,19,0.5004055912912909,0.11561547637721964,0.3792301487361501,0.7063348889716091,1.3137e+03 6.4083e+02 3.8955e+02 1.9049e+02 3.0955e+01 1.1178e+01 4.1193e+00 3.8204e-01 1.1861e-01 4.8767e-02 2.3192e-02 1.0545e-02 3.7551e-03 0.0000e+00,4.4772 0.6000 1.0680 1.1370 1.0344 0.9220 0.8320 0.7639 0.7120 0.6705 0.6238 0.5571 0.5198,0.0
neural_mlp,54300.0,54900.0,54600.0,1467,0.60312581354097,0.5964863576041137,0.9706250405544437,True,1.4597597608755057,1.5657146379486704,0.01855493079521564,0.6861794971338082,22.48131308325326,0.01283183163069271,0.16821471283600414,0.8664143667032607,34.57653930000379,1.6438419617487838,1.5864616882875031,2139,20,0.5363070657718262,0.061398384741250187,0.4336111101698278,0.6189009344385323,1.5220e+03 6.7088e+02 3.4211e+02 1.8110e+02 6.0722e+01 1.4401e+01 4.7115e+00 3.8774e-01 1.6770e-01 8.2447e-02 2.5750e-02 3.8532e-03 2.6210e-04 0.0000e+00,1.5454 1.0335 0.9288 0.9256 0.9052 0.8658 0.8590 0.8865 0.9283 0.9742 1.0198 1.0630 1.1022,0.0
neural_mlp,54600.0,55200.0,54900.0,1942,0.6115484235403379,0.6078703219121147,1.2593162895066592,True,1.8490662140242646,1.6745222203891408,0.020618719392693746,0.3758514436072755,28.066282416256474,0.0017616560610121711,0.059966645226349403,0.9521822001165103,52.919224600016605,1.9298869144256965,1.9303275401514184,2040,11,0.5085626551607265,0.05942417864755729,0.44691056836182486,0.6012968225091002,1.7921e+03 9.9008e+02 3.7939e+02 1.7955e+02 7.8649e+01 1.2776e+01 4.5194e+00 4.5756e-01 2.1608e-01 8.0731e-02 1.7073e-02 1.9180e-03 1.4612e-04 0.0000e+00,1.0030 1.0063 1.0308 1.0852 1.1352 1.1127 0.9737 0.9297 1.3525 2.8755 1.3224 1.1373 1.0733,0.0
neural_mlp,54900.0,55500.0,55200.0,2139,0.6524130984693547,0.6242824541554709,1.2428229673291864,True,1.8768698573021483,1.605705803435889,0.01889545661633324,0.4245572794272092,14.717723795386599,0.1426970411593572,0.6569184438212328,0.5112333582127989,59.4973641000106,1.8205103298258416,1.821079154267674,2207,9,0.5110059654812188,0.0623539965614976,0.43625571721148576,0.5983621927124897,2.0557e+03 1.0872e+03 3.8367e+02 1.6720e+02 6.9729e+01 1.4411e+01 4.1230e+00 9.1043e-01 2.0446e-01 5.3569e-02 1.5555e-02 4.5683e-03 1.1298e-03 0.0000e+00,0.7322 0.7918 1.5461 2.6595 1.1745 1.1337 1.2009 1.3008 1.4194 0.9045 0.8720 1.0361 1.1063,0.0
neural_mlp,55200.0,55800.0,55500.0,2040,0.6886688996456775,0.6383029138598283,1.0722502401641865,True,2.184533723297604,1.9607582916754884,0.04061000613056187,0.002324390338593773,24.468524319463622,0.006449310906649092,1.4449278340319953,0.14847815715574592,50.15589280001586,1.6127681308052857,1.6127577454894781,2351,10,0.6072954864888371,0.03848391070909149,0.5583471718097179,0.6680861214141744,2.8248e+03 1.3847e+03 3.7755e+02 1.4882e+02 6.9983e+01 1.8388e+01 6.5585e+00 5.6181e-01 8.3940e-02 2.4419e-02 1.0941e-02 5.1532e-03 1.9526e-03 0.0000e+00,1.3637 1.7096 0.7875 0.8795 0.8824 0.9266 0.9392 0.9489 0.9567 0.9627 0.9670 0.9688 0.9663,0.0
neural_mlp,55500.0,56100.0,55800.0,2207,0.6517072805613137,0.6274405631704068,1.285497421377335,True,2.1460800828462334,1.8436203318056432,0.031455453602397876,0.024828479842786133,18.687029592391514,0.04442273865779487,1.273309589338338,0.2029082052595499,60.01503599999705,1.6628599203798309,1.6666504005532976,2176,9,0.5597589685081967,0.03152217623296781,0.5202617937361259,0.5998451022743985,2.5127e+03 1.1464e+03 3.9984e+02 1.5501e+02 7.2713e+01 1.6207e+01 6.0873e+00 4.1603e-01 1.0231e-01 3.9383e-02 1.3797e-02 4.1918e-03 9.8251e-04 0.0000e+00,0.6697 1.0126 1.2042 1.0382 0.8700 0.9059 1.5257 1.3067 1.1416 1.1911 1.7553 2.0882 2.0372,0.0
neural_mlp,55800.0,56400.0,56100.0,2351,0.5683514696535072,0.5552896602516095,1.6981976040729905,True,1.9965701792599557,1.6309037859360325,0.02072669720999626,0.26109481346895336,22.28525590250265,0.013715551394591064,0.753185373617835,0.45133852734689983,80.00694069999736,1.42029908076475,1.4091711301814658,2840,8,0.5072713737494309,0.03357263711785696,0.4675715080550726,0.5581421949624811,2.3634e+03 1.1107e+03 4.0947e+02 1.4653e+02 5.4297e+01 1.5282e+01 3.4851e+00 7.1244e-01 1.4726e-01 3.3491e-02 8.4683e-03 2.2521e-03 5.2529e-04 0.0000e+00,2.0240 1.6290 1.1989 1.3218 1.5209 2.5097 1.7612 1.7020 1.6080 1.5739 1.6084 1.6849 1.7668,0.0
neural_mlp,56100.0,56700.0,56400.0,2176,0.5668027988120201,0.524412196461834,1.5861253957275459,True,1.9892785831057225,1.7009646303460357,0.022022206791195542,0.23838472661172772,30.441840505616312,0.0007250558796394141,-0.024635979111699586,0.9803453208204985,53.34664279999561,1.6426789302603064,1.4779439300581108,4313,9,0.4650932171617403,0.023558442483700558,0.4381051490193725,0.5024625510974189,2.3839e+03 1.1632e+03 4.6135e+02 1.4956e+02 4.7747e+01 1.1396e+01 3.7726e+00 2.8518e-01 6.2774e-02 2.4814e-02 1.0885e-02 4.7186e-03 1.6553e-03 0.0000e+00,1.7214 1.5891 1.4953 1.4552 1.5092 1.7269 1.7010 1.0813 0.9884 1.9545 2.0110 1.8183 1.3408,0.0
neural_mlp,56400.0,57000.0,56700.0,2840,0.5942413897616016,0.5854451452605972,1.9973503072023848,True,1.9816383178980257,1.4270086419589205,0.017077360817146142,0.3747720360578418,13.38729978943333,0.20281615678142453,0.6751656863282136,0.4995705046113533,109.33993660000851,1.646374862381463,1.4222608447820217,6265,5,0.5019035775197326,0.067467090248299,0.4466584115184807,0.5851825770418189,2.4481e+03 1.0250e+03 3.3202e+02 1.6576e+02 5.8189e+01 1.5799e+01 4.2045e+00 4.2895e-01 1.7084e-01 6.5059e-02 1.7188e-02 3.0082e-03 3.5861e-04 0.0000e+00,1.3578 1.2313 1.2628 1.8616 1.6604 1.6740 1.9024 2.1689 2.3786 2.5197 2.6093 2.6644 2.6967,0.0
neural_mlp,56700.0,57300.0,57000.0,4313,0.6820466221021861,0.6693050346769893,2.2690080686970004,True,2.501714899991657,1.5292555585599603,0.013452975499865016,0.41230463983159904,114.69838220441619,6.001687262740326e-20,-0.9700846750025499,0.3320042871561618,121.34240030002547,1.525033210640229,1.5317375512052027,4275,3,0.5790641070718148,0.05447433283918838,0.5459102076293358,0.6373078063270985,1.8560e+03 9.6428e+02 3.8876e+02 2.0761e+02 6.8745e+01 1.7169e+01 5.6456e+00 7.3429e-01 2.2690e-01 7.3136e-02 1.7718e-02 3.3686e-03 5.1845e-04 0.0000e+00,2.0811 2.0871 2.0966 2.1165 2.1572 2.2126 3.1115 2.1542 2.1352 2.2387 2.2703 2.2649 2.2412,0.0
neural_mlp,57000.0,57600.0,57300.0,6265,0.792741214236466,0.7370813884367143,2.27068397268331,True,2.8049459339306986,1.4591417218166765,0.013383225287669387,0.2098837198919351,94.042288106972,8.426668510184086e-16,-0.7289262408137348,0.46604678225535145,156.19921809999505,5.301318675604737,1.9550366660346523,906,3,0.5727281132516817,0.08327385967086584,0.5235861083642827,0.6617230853998319,2.0884e+03 1.0268e+03 4.2294e+02 1.8425e+02 6.5532e+01 1.7090e+01 5.9150e+00 9.1930e-01 2.4442e-01 7.7273e-02 2.5166e-02 8.1376e-03 2.2169e-03 0.0000e+00,1.4003 1.4651 1.5293 1.5936 1.6580 1.7218 1.7833 1.8405 1.8935 1.9595 2.1841 3.8349 12.1794,0.0
